148722.63489, 3,  -1.694,  3.121, 10.117
148722.65489, 3,  -1.532,  3.111,  9.386
148722.67489, 3,  -1.326,  3.075,  9.173
148722.69489, 3,  -1.280,  3.137,  9.006
148722.71489, 3,  -1.250,  3.193,  8.894
148722.73489, 3,  -1.119,  3.184,  8.785
148722.75489, 3,  -1.109,  3.167,  8.675
148722.77489, 3,  -1.119,  3.061,  8.672
148722.79489, 3,  -1.095,  3.021,  8.642
148722.81489, 3,  -1.414,  2.979,  9.045
148722.83489, 3,  -1.529,  2.991,  9.007
148722.85489, 3,  -1.786,  2.987,  8.385
148722.87489, 3,  -1.421,  2.694,  8.830
148722.89489, 3,  -0.968,  3.280,  8.157
148722.91489, 3,   0.854,  2.393,  6.819
148722.93489, 3,   0.553,  1.386,  6.256
148722.95489, 3,  -1.779,  0.584,  4.791
148722.97489, 3,  -0.946,  1.589,  7.955
148722.99489, 3,   2.044,  2.742, 11.163
148723.01489, 3,   6.205, -1.149, 11.557
148723.03489, 3,   3.797,  1.505,  5.693
148723.05489, 3,   0.803,  0.004,  7.834
148723.07489, 3,  -1.346,  1.969,  8.450
148723.09489, 3,   1.784,  1.116, 12.097
148723.11489, 3,   3.584,  1.660, 11.127
148723.13489, 3,   2.585,  2.086,  7.090
148723.15489, 3,   1.870,  2.912,  6.388
148723.17489, 3,   2.072,  2.613,  6.938
148723.19489, 3,   1.623,  2.213,  8.617
148723.21489, 3,   2.790,  1.262, 10.701
148723.23489, 3,   4.520,  1.870, 12.138
148723.25489, 3,   3.870,  1.680, 10.845
148723.27489, 3,   2.171,  2.425,  8.767
148723.29489, 3,   1.702,  2.127,  8.003
148723.31489, 3,   2.664,  2.466,  9.372
148723.33489, 3,   4.790,  1.612,  9.632
148723.35489, 3,   3.982,  1.440,  8.531
148723.37489, 3,   1.817,  2.528,  7.569
148723.39489, 3,   0.901,  4.265,  8.994
148723.41489, 3,  -0.253,  5.738,  9.859
148723.43489, 3,   3.604,  1.437,  8.656
148723.45489, 3,   8.812, -5.358,  6.749
148723.47489, 3,   8.654, -4.803,  9.700
148723.49489, 3,   3.631,  0.787, 10.987
148723.51489, 3,   3.352,  0.530,  8.449
148723.53489, 3,   3.955, -0.480,  6.803
148723.55489, 3,   3.200,  0.267,  7.431
148723.57489, 3,   3.216,  0.109,  8.495
148723.59489, 3,   4.289,  0.018,  9.137
148723.61489, 3,   4.399, -0.346, 10.913
148723.63489, 3,   4.666, -0.247, 10.520
148723.65489, 3,   4.632,  0.272,  8.760
148723.67489, 3,   4.407,  0.384,  8.565
148723.69489, 3,   4.164,  0.485,  9.147
148723.71489, 3,   4.073,  0.671, 11.484
148723.73489, 3,   3.662,  0.539, 12.185
148723.75489, 3,   4.584,  0.439, 10.797
148723.77489, 3,   5.742, -0.938,  9.167
148723.79489, 3,   6.911, -2.460,  7.278
148723.81489, 3,   6.557, -2.960,  7.712
148723.83489, 3,   3.600, -0.301,  9.675
148723.85489, 3,   3.966, -0.518,  9.556
148723.87489, 3,   3.890, -0.877,  9.060
148723.89489, 3,   4.262, -0.185,  8.753
148723.91489, 3,   4.849, -0.202,  8.779
148723.93489, 3,   5.228, -0.619,  8.207
148723.95489, 3,   4.790, -0.349,  8.374
148723.97489, 3,   5.010, -0.106,  8.828
148723.99489, 3,   5.088,  0.157,  8.854
148724.01489, 3,   5.345,  0.446,  8.193
148724.03489, 3,   5.628,  0.173,  8.192
148724.05489, 3,   6.263, -1.221,  8.617
148724.07489, 3,   7.075, -1.730,  9.167
148724.09489, 3,   7.124, -1.699,  8.860
148724.11489, 3,   6.273, -0.511,  8.355
148724.13489, 3,   5.874, -0.105,  7.910
148724.15489, 3,   5.649, -0.395,  7.711
148724.17489, 3,   5.274, -0.267,  8.233
148724.19489, 3,   5.565, -0.683,  8.888
148724.21489, 3,   6.486, -1.256,  8.644
148724.23489, 3,   6.139, -0.878,  8.419
148724.25489, 3,   5.994, -0.661,  7.944
148724.27489, 3,   5.602, -0.450,  7.743
148724.29489, 3,   5.174, -0.371,  7.097
148724.31489, 3,   4.486, -0.375,  6.872
148724.33489, 3,   4.926, -0.909,  8.080
148724.35489, 3,   5.531, -2.111,  8.751
148724.37489, 3,   5.395, -1.762,  9.408
148724.39489, 3,   4.957, -1.273,  9.527
148724.41489, 3,   5.124, -1.023,  8.854
148724.43489, 3,   4.776, -0.705,  8.348
148724.45489, 3,   5.236, -1.672,  8.891
148724.47489, 3,   4.565, -1.157,  9.663
148724.49489, 3,   5.213, -1.223,  9.282
148724.51489, 3,   5.258, -1.224,  8.827
148724.53489, 3,   4.086, -0.741,  8.925
148724.55489, 3,   3.103, -0.706,  7.774
148724.57489, 3,   1.402, -0.552,  7.317
148724.59489, 3,  -0.420, -0.165,  8.067
148724.61489, 3,  -2.122, -0.493,  9.629
148724.63489, 3,  -3.853, -0.450, 10.969
148724.65489, 3,  -7.390, -0.586,  8.133
148724.67489, 3, -11.399, -0.990,  2.923
148724.69489, 3, -13.863, -4.338,  0.060
148724.71489, 3, -11.428, -8.748,  1.066
148724.73489, 3,  -2.615,-12.834,  8.767
148724.75489, 3,  19.530,-14.158, 19.783
148724.77489, 3,  19.530, -5.460,  9.085
148724.79489, 3,  13.335, -6.348,  6.169
148724.81489, 3,  14.621, -5.811, 11.700
148724.83489, 3,   1.779, -5.261,  6.803
148724.85489, 3,  -5.127, -2.916,  5.204
148724.87489, 3, -17.343, -1.810,  3.283
148724.89489, 3, -19.696, -2.220,  4.063
148724.91489, 3, -18.342, -6.151,  5.515
148724.93489, 3,  -5.254, -9.021,  6.646
148724.95489, 3,  19.530,-17.813, 15.011
148724.97489, 3,  19.530, -6.403,  3.388
148724.99489, 3,  11.010, -7.961, 13.994
148725.01489, 3,   5.241, -7.288, 13.686
148725.03489, 3,   5.129, -5.436,  8.451
148725.05489, 3,   4.890, -3.764,  5.827
148725.07489, 3,   3.567, -3.263,  6.518
148725.09489, 3,   2.141, -3.973,  6.095
148725.11489, 3,  -0.734, -4.411,  6.713
148725.13489, 3,  -1.782, -4.261,  9.294
148725.15489, 3,  -1.364, -3.357, 10.286
148725.17489, 3,  -0.628, -2.565,  8.748
148725.19489, 3,   0.779, -2.500,  7.235
148725.21489, 3,   1.018, -3.391,  7.668
148725.23489, 3,   0.192, -3.802,  8.915
148725.25489, 3,  -0.059, -3.831,  9.355
148725.27489, 3,   0.355, -3.353,  9.170
148725.29489, 3,   1.456, -3.307,  8.864
148725.31489, 3,   2.279, -3.338,  9.431
148725.33489, 3,   2.036, -3.711,  9.001
148725.35489, 3,   1.589, -4.120,  9.498
148725.37489, 3,   1.450, -4.144, 10.424
148725.39489, 3,   1.885, -3.859, 10.231
148725.41489, 3,   2.161, -3.581,  8.976
148725.43489, 3,   2.617, -3.424,  8.708
148725.45489, 3,   2.659, -3.850,  8.340
148725.47489, 3,   1.778, -3.680,  8.925
148725.49489, 3,   1.315, -3.792,  9.686
148725.51489, 3,   0.931, -3.765,  9.545
148725.53489, 3,   1.832, -3.138,  8.198
148725.55489, 3,   2.028, -2.986,  8.640
148725.57489, 3,   2.114, -2.950,  8.777
148725.59489, 3,   1.960, -2.950,  9.637
148725.61489, 3,   1.505, -3.058,  9.050
148725.63489, 3,   1.202, -3.104,  8.753
148725.65489, 3,   0.763, -2.831,  9.865
148725.67489, 3,   1.139, -2.764,  9.689
148725.69489, 3,   2.085, -2.593,  9.928
148725.71489, 3,   2.590, -2.622, 10.488
148725.73489, 3,   2.467, -2.871, 10.185
148725.75489, 3,   2.148, -3.078,  9.415
148725.77489, 3,   2.455, -2.931,  8.657
148725.79489, 3,   3.017, -2.760,  8.498
148725.81489, 3,   2.707, -2.534,  8.199
148725.83489, 3,   2.281, -2.554,  8.549
148725.85489, 3,   2.378, -2.817,  9.780
148725.87489, 3,   2.271, -2.995, 10.056
148725.89489, 3,   2.177, -2.870,  9.465
148725.91489, 3,   2.335, -2.707,  8.796
148725.93489, 3,   2.212, -2.443,  8.068
148725.95489, 3,   2.312, -2.479,  8.390
148725.97489, 3,   2.161, -2.536,  8.997
148725.99489, 3,   2.082, -2.638,  9.683
148726.01489, 3,   1.940, -2.634,  9.647
148726.03489, 3,   1.678, -2.386,  8.969
148726.05489, 3,   1.812, -2.257,  8.537
148726.07489, 3,   2.121, -2.303,  8.579
148726.09489, 3,   2.288, -2.443,  9.295
148726.11489, 3,   2.526, -2.602,  9.961
148726.13489, 3,   2.393, -2.694,  9.633
148726.15489, 3,   2.060, -2.434,  9.016
148726.17489, 3,   2.132, -2.358,  8.693
148726.19489, 3,   2.040, -2.388,  8.733
148726.21489, 3,   2.073, -2.443,  8.916
148726.23489, 3,   2.088, -2.677,  9.350
148726.25489, 3,   1.790, -2.806,  9.532
148726.27489, 3,   1.816, -2.641,  9.789
148726.29489, 3,   1.902, -2.600,  9.745
148726.31489, 3,   1.552, -2.879,  9.764
148726.33489, 3,   1.287, -2.615,  9.225
148726.35489, 3,   1.737, -2.452,  9.301
148726.37489, 3,   3.237, -2.320, 10.632
148726.39489, 3,   4.632, -3.507, 12.280
148726.41489, 3,   5.072, -3.818, 14.953
148726.43489, 3,   6.204, -3.332, 15.904
148726.45489, 3,   7.664, -2.916, 13.755
148726.47489, 3,   9.857, -4.892,  9.710
148726.49489, 3,   6.176, -3.548,  6.137
148726.51489, 3,  -0.382, -2.404,  5.885
148726.53489, 3,  -8.185, -1.057,  4.800
148726.55489, 3, -19.428,  1.758,  1.597
148726.57489, 3, -19.696,  2.325, -1.952
148726.59489, 3, -19.696, -4.635, -3.280
148726.61489, 3, -12.907,-11.276,  2.022
148726.63489, 3,  -3.404,-15.540, 12.030
148726.65489, 3,  19.530,-19.451,  7.348
148726.67489, 3,  19.530, 12.000, -0.018
148726.69489, 3,  13.876,-10.175, 18.879
148726.71489, 3,  11.558, -6.687, 17.209
148726.73489, 3,   3.926, -1.826,  7.208
148726.75489, 3,   2.517, -2.291,  6.132
148726.77489, 3,  -2.713, -2.458,  5.184
148726.79489, 3, -12.052, -2.519,  1.272
148726.81489, 3, -19.696,  0.345, -1.367
148726.83489, 3, -19.696, -0.372,  5.432
148726.85489, 3, -15.468, -5.576, 12.326
148726.87489, 3,  -5.823, -9.431,  9.541
148726.89489, 3,  19.530,-19.451,  7.788
148726.91489, 3,  10.375,  3.693, -0.094
148726.93489, 3,   1.263, -5.632, 17.958
148726.95489, 3,  -0.851, -6.357, 19.159
148726.97489, 3,  -0.968, -2.997, 11.063
148726.99489, 3,   2.491, -2.006,  8.556
148727.01489, 3,   5.779, -2.538,  9.242
148727.03489, 3,   5.406, -2.976,  9.741
148727.05489, 3,   2.943, -3.301,  9.458
148727.07489, 3,   0.342, -3.057,  7.913
148727.09489, 3,  -0.970, -3.019,  7.124
148727.11489, 3,  -1.560, -2.888,  8.016
148727.13489, 3,  -1.669, -2.968,  8.851
148727.15489, 3,  -1.836, -2.361,  8.841
148727.17489, 3,  -1.397, -2.185,  9.388
148727.19489, 3,  -0.433, -2.279,  9.890
148727.21489, 3,   0.510, -2.406,  9.981
148727.23489, 3,   0.927, -2.441,  8.741
148727.25489, 3,   1.359, -2.440,  7.527
148727.27489, 3,   1.395, -2.396,  7.673
148727.29489, 3,   1.228, -2.496,  9.049
148727.31489, 3,   0.997, -2.752, 10.187
148727.33489, 3,   0.675, -2.558, 10.527
148727.35489, 3,   0.931, -2.517, 10.499
148727.37489, 3,   1.405, -2.504, 10.698
148727.39489, 3,   1.765, -2.479, 10.209
148727.41489, 3,   1.848, -2.351,  9.321
148727.43489, 3,   1.595, -2.285,  9.255
148727.45489, 3,   1.034, -2.278,  9.168
148727.47489, 3,   0.761, -2.210,  9.414
148727.49489, 3,   0.712, -2.215,  9.872
148727.51489, 3,   0.677, -2.106, 10.131
148727.53489, 3,   0.712, -1.881,  9.845
148727.55489, 3,   0.736, -1.802,  9.148
148727.57489, 3,   0.718, -1.774,  9.082
148727.59489, 3,   0.658, -1.680,  9.974
148727.61489, 3,   0.581, -1.721,  9.775
148727.63489, 3,   0.687, -1.631,  9.371
148727.65489, 3,   0.783, -1.504,  9.193
148727.67489, 3,   0.730, -1.473,  9.451
148727.69489, 3,   0.388, -1.467,  9.474
148727.71489, 3,   0.301, -1.571, 10.095
148727.73489, 3,   0.532, -1.666, 10.190
148727.75489, 3,   0.543, -1.543,  9.622
148727.77489, 3,   0.849, -1.565,  9.628
148727.79489, 3,   1.000, -1.622,  9.773
148727.81489, 3,   1.004, -1.703,  9.599
148727.83489, 3,   1.047, -1.779,  9.422
148727.85489, 3,   1.163, -1.756,  9.127
148727.87489, 3,   1.231, -1.841,  9.142
148727.89489, 3,   1.152, -1.959,  9.380
148727.91489, 3,   0.849, -1.985, 10.257
148727.93489, 3,   0.521, -1.924, 10.023
148727.95489, 3,   0.523, -1.872,  9.646
148727.97489, 3,   0.656, -1.881,  9.415
148727.99489, 3,   0.591, -1.851,  8.952
148728.01489, 3,   0.478, -1.924,  8.721
148728.03489, 3,   0.463, -2.066,  9.367
148728.05489, 3,   0.822, -2.027, 10.181
148728.07489, 3,   1.173, -2.051,  9.906
148728.09489, 3,   1.304, -2.072,  9.436
148728.11489, 3,   1.147, -2.106,  9.410
148728.13489, 3,   0.936, -2.115,  9.405
148728.15489, 3,   0.995, -2.223, 10.281
148728.17489, 3,   1.035, -2.275, 10.507
148728.19489, 3,   0.975, -2.106,  9.664
148728.21489, 3,   0.913, -1.957,  9.322
148728.23489, 3,   0.724, -1.944,  9.108
148728.25489, 3,   0.633, -2.016,  9.282
148728.27489, 3,   0.614, -2.077,  9.322
148728.29489, 3,   0.768, -2.092,  9.713
148728.31489, 3,   0.976, -2.049,  9.758
148728.33489, 3,   1.526, -2.035, 10.193
148728.35489, 3,   2.174, -1.973, 10.608
148728.37489, 3,   2.892, -2.005, 10.950
148728.39489, 3,   3.205, -1.848, 10.908
148728.41489, 3,   3.679, -1.186, 10.195
148728.43489, 3,   3.615, -0.856,  8.995
148728.45489, 3,   2.444, -1.023,  9.358
148728.47489, 3,  -2.755, -2.526,  8.262
148728.49489, 3, -12.537, -2.348,  5.432
148728.51489, 3, -19.696, -1.355,  3.158
148728.53489, 3, -19.696, -5.640,  6.645
148728.55489, 3, -13.184,-10.481,  5.871
148728.57489, 3,  19.530, -2.794, 13.829
148728.59489, 3,   8.972, -0.524, 10.797
148728.61489, 3,   2.252, -5.807, 19.783
148728.63489, 3,  -0.536, -2.879, 19.783
148728.65489, 3,   6.704, -1.941, 11.988
148728.67489, 3,   9.831, -2.031,  8.026
148728.69489, 3,   6.191, -3.227,  4.826
148728.71489, 3,  -1.700, -4.197,  0.969
148728.73489, 3, -11.320, -3.122, -0.521
148728.75489, 3, -16.798, -1.371,  1.757
148728.77489, 3, -17.705, -1.826,  3.611
148728.79489, 3, -18.080, -4.729,  2.362
148728.81489, 3, -13.197, -8.000,  4.383
148728.83489, 3,  19.530,-19.451, 16.394
148728.85489, 3,  17.081,  8.034, 11.370
148728.87489, 3,   5.449, -4.227, 16.347
148728.89489, 3,  -1.924, -7.610, 18.245
148728.91489, 3,  -4.003, -2.526, 10.102
148728.93489, 3,   2.052, -2.144,  5.763
148728.95489, 3,   5.021, -1.500,  6.786
148728.97489, 3,   5.880, -2.570,  8.609
148728.99489, 3,   4.686, -3.113,  8.661
148729.01489, 3,   1.985, -3.295,  8.523
148729.03489, 3,   0.196, -3.122,  8.744
148729.05489, 3,  -0.788, -2.909,  8.903
148729.07489, 3,  -0.886, -2.576,  9.361
148729.09489, 3,  -0.535, -2.264,  9.401
148729.11489, 3,  -0.275, -2.150,  8.517
148729.13489, 3,  -0.042, -2.124,  8.350
148729.15489, 3,   0.194, -2.251,  9.040
148729.17489, 3,   0.227, -2.297,  9.038
148729.19489, 3,   0.585, -2.176,  8.955
148729.21489, 3,   0.925, -2.307,  8.848
148729.23489, 3,   0.654, -2.303,  8.800
148729.25489, 3,   0.484, -2.368,  9.231
148729.27489, 3,   0.646, -2.445,  9.847
148729.29489, 3,   1.192, -2.368,  9.893
148729.31489, 3,   1.428, -2.097,  9.563
148729.33489, 3,   1.430, -2.106,  9.021
148729.35489, 3,   1.219, -2.106,  9.479
148729.37489, 3,   1.130, -2.060, 10.123
148729.39489, 3,   1.032, -2.001,  9.637
148729.41489, 3,   0.948, -1.971,  9.312
148729.43489, 3,   1.193, -2.003, 10.281
148729.45489, 3,   1.245, -2.012, 10.075
148729.47489, 3,   1.387, -1.969,  9.283
148729.49489, 3,   1.447, -1.999,  8.943
148729.51489, 3,   1.405, -2.165,  9.163
148729.53489, 3,   1.088, -2.159,  9.604
148729.55489, 3,   0.811, -2.172,  9.907
148729.57489, 3,   0.691, -2.054, 10.163
148729.59489, 3,   0.788, -2.015, 10.067
148729.61489, 3,   0.765, -2.164,  9.570
148729.63489, 3,   0.879, -2.094,  9.324
148729.65489, 3,   1.238, -2.012,  9.189
148729.67489, 3,   1.311, -2.068,  9.313
148729.69489, 3,   1.180, -2.104,  9.411
148729.71489, 3,   1.270, -2.070,  9.400
148729.73489, 3,   1.085, -2.257,  9.338
148729.75489, 3,   0.857, -2.050, 10.050
148729.77489, 3,   0.827, -1.895,  9.965
148729.79489, 3,   0.850, -1.974,  9.717
148729.81489, 3,   1.027, -2.035,  9.562
148729.83489, 3,   1.009, -2.049,  9.377
148729.85489, 3,   0.921, -2.005,  9.291
148729.87489, 3,   0.826, -2.002,  9.104
148729.89489, 3,   0.790, -2.005,  9.277
148729.91489, 3,   0.736, -2.020,  9.467
148729.93489, 3,   0.694, -2.112,  9.535
148729.95489, 3,   0.740, -2.238,  9.492
148729.97489, 3,   1.044, -2.239, 10.003
148729.99489, 3,   1.409, -2.250, 10.132
148730.01489, 3,   1.746, -2.336,  9.693
148730.03489, 3,   1.750, -2.340,  9.213
148730.05489, 3,   1.465, -2.293,  8.760
148730.07489, 3,   1.021, -2.312,  8.059
148730.09489, 3,   0.625, -2.331,  7.097
148730.11489, 3,   0.755, -2.536,  7.437
148730.13489, 3,   1.490, -2.707, 10.320
148730.15489, 3,   3.128, -2.697, 11.925
148730.17489, 3,   4.939, -2.794, 11.671
148730.19489, 3,   6.837, -2.958, 11.464
148730.21489, 3,   8.130, -3.283, 11.058
148730.23489, 3,   8.466, -3.936, 10.935
148730.25489, 3,   7.657, -3.775, 11.549
148730.27489, 3,   5.861, -4.262, 10.389
148730.29489, 3,   2.260, -3.876,  8.180
148730.31489, 3,  -4.400, -3.542,  5.840
148730.33489, 3, -15.703, -1.549,  1.352
148730.35489, 3, -19.696,  0.278, -0.406
148730.37489, 3, -19.696, -6.254,  5.312
148730.39489, 3, -14.846,-11.722,  6.382
148730.41489, 3,  -1.545,-16.259,  7.439
148730.43489, 3,  19.530, 12.882, -1.853
148730.45489, 3,   9.801, -5.976, 16.339
148730.47489, 3,   9.896,-11.202, 19.783
148730.49489, 3,   1.879, -2.500, 13.071
148730.51489, 3,   6.937, -1.460,  7.503
148730.53489, 3,   7.390, -2.140,  8.453
148730.55489, 3,   1.397, -4.240,  5.788
148730.57489, 3,  -9.202, -3.975,  1.239
148730.59489, 3, -19.696, -0.539, -1.261
148730.61489, 3, -19.696,  0.166,  1.013
148730.63489, 3, -19.157, -3.930,  3.563
148730.65489, 3, -14.232, -9.138,  4.197
148730.67489, 3,  19.530,-19.451,  7.651
148730.69489, 3,  19.530, 10.274,  5.253
148730.71489, 3,   7.161, -3.940, 19.783
148730.73489, 3,  -0.028, -6.968, 19.783
148730.75489, 3,  -0.713, -3.819, 11.226
148730.77489, 3,   2.461, -1.763,  5.049
148730.79489, 3,   6.276, -1.792,  7.414
148730.81489, 3,   5.789, -2.543,  9.582
148730.83489, 3,   3.554, -3.271,  9.748
148730.85489, 3,   1.039, -3.298,  9.165
148730.87489, 3,  -0.586, -2.595,  9.115
148730.89489, 3,  -0.847, -2.339,  8.994
148730.91489, 3,  -0.434, -2.042,  8.367
148730.93489, 3,  -0.205, -1.844,  7.463
148730.95489, 3,  -0.233, -1.856,  7.290
148730.97489, 3,  -0.484, -1.820,  8.098
148730.99489, 3,  -0.478, -1.766,  9.048
148731.01489, 3,  -0.220, -1.667,  9.244
148731.03489, 3,   0.203, -1.598,  8.930
148731.05489, 3,   0.837, -1.545,  8.333
148731.07489, 3,   1.617, -1.491,  8.461
148731.09489, 3,   1.942, -1.805,  9.012
148731.11489, 3,   1.914, -1.972,  9.836
148731.13489, 3,   1.793, -1.880,  9.999
148731.15489, 3,   2.133, -1.819, 10.055
148731.17489, 3,   2.069, -1.650,  9.713
148731.19489, 3,   2.106, -1.534,  9.192
148731.21489, 3,   2.131, -1.381,  9.200
148731.23489, 3,   2.165, -1.459,  9.498
148731.25489, 3,   1.907, -1.356,  9.927
148731.27489, 3,   1.620, -1.464, 10.273
148731.29489, 3,   1.379, -1.499, 10.504
148731.31489, 3,   1.462, -1.479, 10.440
148731.33489, 3,   1.545, -1.376, 10.263
148731.35489, 3,   1.560, -1.335,  9.405
148731.37489, 3,   1.407, -1.322,  9.131
148731.39489, 3,   1.306, -1.325,  9.006
148731.41489, 3,   1.353, -1.566,  9.117
148731.43489, 3,   1.380, -1.621,  9.637
148731.45489, 3,   1.355, -1.586,  9.231
148731.47489, 3,   1.316, -1.740,  9.572
148731.49489, 3,   1.148, -1.707, 10.076
148731.51489, 3,   1.201, -1.653, 10.253
148731.53489, 3,   1.188, -1.635,  9.790
148731.55489, 3,   1.389, -1.626,  9.122
148731.57489, 3,   1.460, -1.574,  8.963
148731.59489, 3,   1.519, -1.725,  8.891
148731.61489, 3,   1.457, -1.732,  9.875
148731.63489, 3,   1.413, -1.754, 10.287
148731.65489, 3,   1.383, -1.716,  9.732
148731.67489, 3,   1.383, -1.675,  9.261
148731.69489, 3,   1.388, -1.650,  9.250
148731.71489, 3,   1.403, -1.701,  9.264
148731.73489, 3,   1.345, -1.774,  9.396
148731.75489, 3,   1.250, -1.780,  9.954
148731.77489, 3,   1.111, -1.752, 10.107
148731.79489, 3,   1.309, -1.739,  9.774
148731.81489, 3,   1.493, -1.646,  9.077
148731.83489, 3,   1.642, -1.685,  9.150
148731.85489, 3,   1.520, -1.769,  9.456
148731.87489, 3,   1.533, -1.778,  9.912
148731.89489, 3,   1.682, -1.766, 10.249
148731.91489, 3,   1.917, -1.738, 10.083
148731.93489, 3,   1.984, -1.717,  9.654
148731.95489, 3,   2.267, -1.644,  9.809
148731.97489, 3,   3.048, -1.490, 10.233
148731.99489, 3,   3.595, -1.686,  9.752
148732.01489, 3,   3.520, -1.714,  9.278
148732.03489, 3,   2.565, -1.827,  9.100
148732.05489, 3,   1.986, -1.760,  9.597
148732.07489, 3,   1.917, -1.480,  9.997
148732.09489, 3,   2.163, -1.307, 10.430
148732.11489, 3,   2.359, -1.360, 10.088
148732.13489, 3,   1.931, -1.401,  9.204
148732.15489, 3,   1.553, -1.359,  9.046
148732.17489, 3,   1.709, -1.156,  9.476
148732.19489, 3,   1.195, -0.954,  8.720
148732.21489, 3,   0.863, -0.551,  8.294
148732.23489, 3,   0.348, -0.310,  8.019
148732.25489, 3,  -2.340, -0.326,  7.372
148732.27489, 3,  -9.459,  0.342,  4.514
148732.29489, 3, -18.532,  0.052,  2.379
148732.31489, 3, -19.569, -4.728,  4.010
148732.33489, 3, -12.287,-10.996,  6.802
148732.35489, 3,  19.530,-19.451,  8.860
148732.37489, 3,  18.708, 11.617,  4.801
148732.39489, 3,   8.324, -5.165, 19.104
148732.41489, 3,  11.952,-11.098, 19.783
148732.43489, 3,   3.763, -3.817, 10.428
148732.45489, 3,   3.128, -3.099,  2.323
148732.47489, 3,  -4.164, -1.917,  0.698
148732.49489, 3, -12.696, -2.314,  1.670
148732.51489, 3, -19.696, -2.205,  0.571
148732.53489, 3, -19.696, -3.536,  3.586
148732.55489, 3, -15.234, -7.708,  6.040
148732.57489, 3,  19.530,-19.451, 19.783
148732.59489, 3,  15.781,  3.191, 10.251
148732.61489, 3,   2.224, -4.848, 19.783
148732.63489, 3,  -2.780, -6.768, 19.783
148732.65489, 3,  -0.175, -3.374, 10.063
148732.67489, 3,   6.478, -2.506,  3.640
148732.69489, 3,   7.011, -2.518,  5.256
148732.71489, 3,   6.039, -2.629,  6.407
148732.73489, 3,   3.098, -3.018,  6.631
148732.75489, 3,   0.332, -2.563,  7.342
148732.77489, 3,  -1.055, -2.482,  8.715
148732.79489, 3,  -1.746, -2.027,  9.876
148732.81489, 3,  -1.512, -1.804,  9.779
148732.83489, 3,  -0.513, -1.646,  9.118
148732.85489, 3,   0.608, -1.765,  8.814
148732.87489, 3,   1.368, -1.952,  8.766
148732.89489, 3,   1.791, -2.009,  9.021
148732.91489, 3,   1.877, -2.093,  9.302
148732.93489, 3,   1.921, -2.233,  9.437
148732.95489, 3,   1.785, -2.306,  8.937
148732.97489, 3,   1.674, -2.190,  8.841
148732.99489, 3,   2.088, -2.099,  9.268
148733.01489, 3,   2.259, -2.113,  9.203
148733.03489, 3,   2.061, -2.224,  9.196
148733.05489, 3,   1.708, -2.168,  9.577
148733.07489, 3,   1.601, -2.095, 10.040
148733.09489, 3,   1.443, -1.960,  9.876
148733.11489, 3,   1.431, -1.886,  9.414
148733.13489, 3,   1.531, -1.868,  9.480
148733.15489, 3,   1.809, -1.900,  9.323
148733.17489, 3,   2.136, -2.062,  9.110
148733.19489, 3,   2.023, -1.955,  9.380
148733.21489, 3,   2.184, -1.931,  9.401
148733.23489, 3,   2.277, -2.176,  9.593
148733.25489, 3,   1.929, -2.059,  9.834
148733.27489, 3,   1.690, -2.119,  9.736
148733.29489, 3,   1.618, -1.958, 10.118
148733.31489, 3,   1.571, -2.005, 10.126
148733.33489, 3,   1.577, -2.072, 10.017
148733.35489, 3,   1.574, -2.006,  9.491
148733.37489, 3,   1.659, -1.990,  9.116
148733.39489, 3,   1.727, -2.007,  9.246
148733.41489, 3,   1.718, -2.044,  9.320
148733.43489, 3,   1.684, -2.025,  9.143
148733.45489, 3,   1.597, -2.018,  9.115
148733.47489, 3,   1.666, -1.995,  9.499
148733.49489, 3,   1.599, -2.032,  9.456
148733.51489, 3,   1.681, -2.053,  9.657
148733.53489, 3,   1.643, -2.071,  9.739
148733.55489, 3,   1.588, -2.039,  9.587
148733.57489, 3,   1.510, -1.928,  9.503
148733.59489, 3,   1.594, -1.884,  9.252
148733.61489, 3,   1.545, -1.960,  8.992
148733.63489, 3,   1.630, -1.987,  9.310
148733.65489, 3,   1.520, -1.942,  9.356
148733.67489, 3,   1.533, -1.841,  9.177
148733.69489, 3,   1.486, -1.805,  9.127
148733.71489, 3,   1.602, -1.814,  9.610
148733.73489, 3,   1.721, -1.904, 10.013
148733.75489, 3,   2.087, -1.844,  9.942
148733.77489, 3,   2.474, -1.829, 10.077
148733.79489, 3,   2.694, -1.845,  9.854
148733.81489, 3,   2.591, -1.725,  9.364
148733.83489, 3,   2.221, -1.684,  9.195
148733.85489, 3,   1.724, -1.677,  9.380
148733.87489, 3,   1.299, -1.668,  9.192
148733.89489, 3,   1.314, -1.459,  8.673
148733.91489, 3,   1.032, -1.444,  8.417
148733.93489, 3,   0.913, -1.509,  9.342
148733.95489, 3,   1.396, -1.519,  9.982
148733.97489, 3,   2.262, -1.336,  9.821
148733.99489, 3,   3.305, -1.434,  9.547
148734.01489, 3,   4.241, -1.413,  9.619
148734.03489, 3,   4.756, -1.500,  9.638
148734.05489, 3,   4.774, -1.805, 10.345
148734.07489, 3,   4.206, -1.687, 10.535
148734.09489, 3,   2.877, -1.383,  9.813
148734.11489, 3,   1.444, -1.161,  8.737
148734.13489, 3,  -0.719, -0.957,  8.477
148734.15489, 3,  -1.484, -1.316,  8.689
148734.17489, 3,  -2.146, -1.362,  8.828
148734.19489, 3,  -2.832, -1.379,  7.881
148734.21489, 3,  -3.865, -0.683,  5.841
148734.23489, 3,  -8.499, -0.714,  2.768
148734.25489, 3, -16.324, -1.416,  0.139
148734.27489, 3, -15.463, -5.740,  5.316
148734.29489, 3,  -5.157, -9.927, 14.313
148734.31489, 3,  19.530,-19.451, 19.783
148734.33489, 3,  10.789,  8.398,  6.778
148734.35489, 3,  10.700, -7.628, 17.738
148734.37489, 3,   4.648, -6.218, 19.730
148734.39489, 3,   2.200, -3.225, 10.094
148734.41489, 3,   4.263, -2.309,  6.548
148734.43489, 3,   2.801, -1.883,  6.169
148734.45489, 3,  -0.035, -2.538,  5.655
148734.47489, 3,  -7.539, -2.327,  3.696
148734.49489, 3, -18.010, -0.844,  0.885
148734.51489, 3, -19.696, -0.811,  1.655
148734.53489, 3, -16.495, -4.883,  4.124
148734.55489, 3,  -9.123, -8.315,  2.535
148734.57489, 3,  19.530,-19.451, 18.799
148734.59489, 3,  13.779,  4.182,  7.112
148734.61489, 3,   4.966, -5.206, 19.783
148734.63489, 3,   4.313, -7.294, 19.783
148734.65489, 3,  -1.390, -3.345,  9.489
148734.67489, 3,   2.513, -2.105,  4.186
148734.69489, 3,   2.547, -1.404,  6.349
148734.71489, 3,   1.367, -1.996,  8.846
148734.73489, 3,   0.120, -2.618,  9.200
148734.75489, 3,  -1.153, -2.677,  8.234
148734.77489, 3,  -1.548, -2.160,  8.742
148734.79489, 3,  -0.952, -1.990,  9.520
148734.81489, 3,  -0.028, -1.927,  9.695
148734.83489, 3,   0.789, -2.100,  9.237
148734.85489, 3,   1.568, -2.282,  9.068
148734.87489, 3,   1.847, -2.336,  9.072
148734.89489, 3,   1.933, -2.199,  9.315
148734.91489, 3,   1.895, -2.250,  9.540
148734.93489, 3,   1.812, -2.174,  9.519
148734.95489, 3,   1.763, -2.132,  8.910
148734.97489, 3,   1.671, -2.194,  8.550
148734.99489, 3,   1.374, -2.361,  9.181
148735.01489, 3,   0.865, -2.245, 10.133
148735.03489, 3,   0.889, -2.190, 10.450
148735.05489, 3,   1.041, -2.111,  9.577
148735.07489, 3,   1.396, -2.120,  9.214
148735.09489, 3,   1.688, -2.068,  9.244
148735.11489, 3,   1.880, -2.145,  8.948
148735.13489, 3,   1.687, -2.106,  8.694
148735.15489, 3,   1.368, -2.215,  9.061
148735.17489, 3,   1.128, -2.155, 10.009
148735.19489, 3,   1.010, -2.186,  9.954
148735.21489, 3,   1.176, -2.097, 10.041
148735.23489, 3,   1.165, -2.052,  9.917
148735.25489, 3,   1.320, -2.030,  9.957
148735.27489, 3,   1.279, -1.994,  9.880
148735.29489, 3,   1.276, -2.123,  9.777
148735.31489, 3,   1.151, -2.124,  9.595
148735.33489, 3,   1.447, -2.071,  9.335
148735.35489, 3,   1.671, -2.110,  8.806
148735.37489, 3,   1.572, -2.116,  8.727
148735.39489, 3,   1.490, -2.042,  9.174
148735.41489, 3,   1.369, -2.083,  9.536
148735.43489, 3,   1.108, -2.040,  9.761
148735.45489, 3,   1.013, -1.959,  9.645
148735.47489, 3,   1.041, -1.859,  9.577
148735.49489, 3,   1.284, -1.850,  9.302
148735.51489, 3,   1.311, -1.987,  9.231
148735.53489, 3,   1.171, -2.056,  9.549
148735.55489, 3,   1.078, -2.000,  9.845
148735.57489, 3,   1.346, -1.919,  9.871
148735.59489, 3,   1.651, -1.905,  9.671
148735.61489, 3,   1.615, -1.917,  9.401
148735.63489, 3,   1.426, -1.922,  9.350
148735.65489, 3,   1.227, -2.009,  9.326
148735.67489, 3,   1.202, -2.038,  9.834
148735.69489, 3,   1.226, -1.962,  9.769
148735.71489, 3,   1.372, -1.936,  9.954
148735.73489, 3,   1.482, -1.943,  9.839
148735.75489, 3,   1.503, -1.948,  9.127
148735.77489, 3,   1.414, -1.975,  9.127
148735.79489, 3,   1.283, -1.972,  9.195
148735.81489, 3,   1.074, -2.036,  9.387
148735.83489, 3,   1.132, -2.078,  9.861
148735.85489, 3,   1.222, -1.974,  9.473
148735.87489, 3,   1.298, -1.984,  9.517
148735.89489, 3,   1.216, -1.999, 10.018
148735.91489, 3,   1.273, -1.952,  9.947
148735.93489, 3,   1.391, -1.986,  9.507
148735.95489, 3,   1.487, -1.980,  9.394
148735.97489, 3,   1.474, -1.942,  9.215
148735.99489, 3,   1.314, -1.957,  9.559
148736.01489, 3,   1.262, -1.950,  9.798
148736.03489, 3,   1.490, -1.836,  9.448
148736.05489, 3,   1.808, -1.809,  9.306
148736.07489, 3,   1.799, -1.790,  9.355
148736.09489, 3,   1.743, -1.905,  9.765
148736.11489, 3,   1.683, -1.875, 10.154
148736.13489, 3,   1.624, -1.807,  9.933
148736.15489, 3,   1.535, -1.727,  9.770
148736.17489, 3,   1.672, -1.667,  9.841
148736.19489, 3,   1.871, -1.649,  9.578
148736.21489, 3,   1.935, -1.681,  9.451
148736.23489, 3,   2.140, -1.605,  9.840
148736.25489, 3,   2.096, -1.564, 10.033
148736.27489, 3,   2.357, -1.406, 10.080
148736.29489, 3,   3.013, -1.344, 10.109
148736.31489, 3,   3.652, -1.231,  9.908
148736.33489, 3,   3.755, -1.297,  9.453
148736.35489, 3,   2.536, -1.612,  8.207
148736.37489, 3,  -0.463, -1.834,  7.474
148736.39489, 3,  -3.185, -1.590,  6.829
148736.41489, 3,  -5.795, -1.389,  6.777
148736.43489, 3,  -8.695, -1.567,  5.843
148736.45489, 3, -11.729, -1.582,  2.723
148736.47489, 3, -15.417, -2.041, -0.101
148736.49489, 3, -14.023, -6.151,  2.090
148736.51489, 3,  -5.036, -9.968, 11.612
148736.53489, 3,  19.530,-13.685, 19.783
148736.55489, 3,   9.917,  4.564, 15.509
148736.57489, 3,   9.485, -6.254, 19.783
148736.59489, 3,   2.580, -5.941, 19.077
148736.61489, 3,   1.464, -2.445,  8.654
148736.63489, 3,   3.299, -1.838,  6.319
148736.65489, 3,   1.771, -1.628,  6.349
148736.67489, 3,   0.489, -1.814,  4.609
148736.69489, 3,  -3.505, -2.032,  3.433
148736.71489, 3, -11.162, -1.446,  0.431
148736.73489, 3, -19.696, -0.121, -2.320
148736.75489, 3, -19.696, -3.110,  1.663
148736.77489, 3, -14.916, -6.848,  3.361
148736.79489, 3,  -5.561,-10.262,  7.443
148736.81489, 3,  19.530,-17.293, 19.783
148736.83489, 3,  11.688,  0.527, 11.955
148736.85489, 3,   5.921, -3.718, 19.783
148736.87489, 3,   3.538, -6.825, 17.907
148736.89489, 3,  -1.258, -1.982,  6.778
148736.91489, 3,   1.140, -1.165,  5.513
148736.93489, 3,   0.463, -1.070,  8.338
148736.95489, 3,   0.015, -1.706,  9.525
148736.97489, 3,  -0.973, -1.986,  8.575
148736.99489, 3,  -1.885, -1.657,  8.030
148737.01489, 3,  -1.544, -1.369,  9.027
148737.03489, 3,  -0.839, -1.230,  9.786
148737.05489, 3,  -0.340, -1.148,  9.510
148737.07489, 3,   0.382, -1.255,  8.934
148737.09489, 3,   0.822, -1.536,  8.629
148737.11489, 3,   1.319, -1.543,  9.760
148737.13489, 3,   1.561, -1.763,  9.585
148737.15489, 3,   1.455, -1.573,  9.019
148737.17489, 3,   1.612, -1.592,  9.388
148737.19489, 3,   1.876, -1.671, 10.340
148737.21489, 3,   1.828, -1.659, 10.458
148737.23489, 3,   1.702, -1.654, 10.347
148737.25489, 3,   1.613, -1.574, 10.507
148737.27489, 3,   1.415, -1.554,  9.739
148737.29489, 3,   1.393, -1.429,  9.274
148737.31489, 3,   1.275, -1.356,  8.767
148737.33489, 3,   0.906, -1.286,  8.905
148737.35489, 3,   0.688, -1.158,  9.119
148737.37489, 3,   0.488, -1.132,  9.179
148737.39489, 3,   0.280, -1.195,  9.065
148737.41489, 3,   0.338, -1.096,  9.304
148737.43489, 3,   0.834, -1.067, 10.058
148737.45489, 3,   1.344, -1.148, 10.061
148737.47489, 3,   1.417, -1.177,  9.630
148737.49489, 3,   1.422, -1.189, 10.243
148737.51489, 3,   1.258, -1.156, 10.095
148737.53489, 3,   1.195, -1.081,  9.774
148737.55489, 3,   1.146, -1.082,  9.597
148737.57489, 3,   1.230, -1.113,  9.558
148737.59489, 3,   1.087, -1.178,  9.594
148737.61489, 3,   0.893, -1.201,  9.676
148737.63489, 3,   0.829, -1.145,  9.922
148737.65489, 3,   0.933, -1.157,  9.856
148737.67489, 3,   1.168, -1.118,  9.825
148737.69489, 3,   1.207, -1.094,  9.407
148737.71489, 3,   1.200, -1.161,  9.578
148737.73489, 3,   1.092, -1.142,  9.498
148737.75489, 3,   1.078, -1.184,  9.670
148737.77489, 3,   1.067, -1.189,  9.964
148737.79489, 3,   1.174, -1.245,  9.900
148737.81489, 3,   1.280, -1.215,  9.827
148737.83489, 3,   1.346, -1.212,  9.554
148737.85489, 3,   1.225, -1.167,  9.383
148737.87489, 3,   1.298, -1.118,  9.474
148737.89489, 3,   1.217, -1.155,  9.638
148737.91489, 3,   1.205, -1.179,  9.511
148737.93489, 3,   1.220, -1.200,  9.704
148737.95489, 3,   1.192, -1.148,  9.821
148737.97489, 3,   1.256, -1.240,  9.818
148737.99489, 3,   1.273, -1.157, 10.108
148738.01489, 3,   1.511, -1.131,  9.989
148738.03489, 3,   1.703, -1.137,  9.822
148738.05489, 3,   1.820, -1.129,  9.667
148738.07489, 3,   1.604, -1.134,  9.795
148738.09489, 3,   1.542, -1.048, 10.101
148738.11489, 3,   1.520, -0.957, 10.397
148738.13489, 3,   1.365, -0.945, 11.040
148738.15489, 3,   1.313, -0.926, 11.368
148738.17489, 3,   1.412, -0.808, 10.769
148738.19489, 3,   1.633, -0.563,  9.704
148738.21489, 3,   1.504, -0.290,  8.891
148738.23489, 3,   1.417, -0.117,  8.978
148738.25489, 3,   1.184, -0.029,  9.389
148738.27489, 3,   1.186,  0.306,  8.706
148738.29489, 3,   0.863,  0.418,  8.343
148738.31489, 3,  -0.265,  0.539,  7.998
148738.33489, 3,  -2.884,  0.491,  6.698
148738.35489, 3,  -7.716,  0.403,  3.564
148738.37489, 3, -12.503, -0.365,  1.384
148738.39489, 3, -14.851, -2.507,  1.529
148738.41489, 3, -12.544, -6.205,  4.596
148738.43489, 3,  -6.846, -8.595, 11.160
148738.45489, 3,  19.530,-19.451, 19.783
148738.47489, 3,  15.441,  9.740,  5.563
148738.49489, 3,   6.680, -3.645, 19.417
148738.51489, 3,   9.771, -9.519, 19.783
148738.53489, 3,   2.000, -3.401, 11.469
148738.55489, 3,   3.417, -1.808,  4.157
148738.57489, 3,   2.891, -1.340,  5.038
148738.59489, 3,   0.376, -1.585,  5.831
148738.61489, 3,  -4.111, -1.564,  4.045
148738.63489, 3, -12.465, -1.057,  1.111
148738.65489, 3, -19.696,  0.319, -0.555
148738.67489, 3, -19.696, -2.537,  3.245
148738.69489, 3, -16.590, -7.006,  5.481
148738.71489, 3,  -9.161,-10.662,  8.029
148738.73489, 3,  16.016, 13.759, -1.111
148738.75489, 3,   3.460, -5.079, 19.783
148738.77489, 3,  -3.537, -3.135, 19.783
148738.79489, 3,  -3.354, -4.643, 12.358
148738.81489, 3,   0.450, -1.406,  4.011
148738.83489, 3,   3.941, -1.010,  4.997
148738.85489, 3,   4.599, -1.669,  8.859
148738.87489, 3,   3.959, -2.327,  9.361
148738.89489, 3,   2.120, -2.801,  8.987
148738.91489, 3,   0.336, -2.474,  9.296
148738.93489, 3,  -0.840, -2.216,  9.835
148738.95489, 3,  -1.596, -2.054,  9.824
148738.97489, 3,  -1.575, -1.674,  9.331
148738.99489, 3,  -0.948, -1.557,  9.079
148739.01489, 3,  -0.325, -1.536,  8.980
148739.03489, 3,   0.556, -1.613,  9.552
148739.05489, 3,   1.041, -1.708,  9.926
148739.07489, 3,   0.760, -2.022,  9.526
148739.09489, 3,   1.243, -1.628,  9.653
148739.11489, 3,   1.132, -1.930,  8.987
148739.13489, 3,   0.836, -1.524,  7.878
148739.15489, 3,   2.600, -1.522,  9.185
148739.17489, 3,   1.408, -1.775, 10.249
148739.19489, 3,   0.986, -1.747, 10.777
148739.21489, 3,   0.982, -1.741, 10.378
148739.23489, 3,   0.993, -1.557,  9.807
148739.25489, 3,   0.913, -1.528,  9.443
148739.27489, 3,   0.672, -1.474,  9.317
148739.29489, 3,   0.879, -1.400,  9.215
148739.31489, 3,   1.070, -1.428,  9.328
148739.33489, 3,   1.003, -1.358,  9.368
148739.35489, 3,   0.930, -1.350,  9.423
148739.37489, 3,   1.011, -1.359,  9.825
148739.39489, 3,   1.171, -1.338, 10.159
148739.41489, 3,   1.293, -1.299,  9.784
148739.43489, 3,   1.289, -1.279,  9.453
148739.45489, 3,   1.331, -1.447,  9.597
148739.47489, 3,   1.405, -1.439,  9.888
148739.49489, 3,   1.498, -1.404,  9.602
148739.51489, 3,   1.414, -1.333,  9.412
148739.53489, 3,   1.305, -1.350,  9.141
148739.55489, 3,   1.320, -1.460,  9.134
148739.57489, 3,   1.694, -1.610,  9.851
148739.59489, 3,   1.577, -1.661,  9.964
148739.61489, 3,   1.246, -1.746,  9.922
148739.63489, 3,   1.104, -1.550, 10.085
148739.65489, 3,   1.022, -1.351,  9.778
148739.67489, 3,   1.520, -1.384,  9.085
148739.69489, 3,   1.525, -1.701,  8.905
148739.71489, 3,   1.396, -1.858,  8.885
148739.73489, 3,   1.117, -1.761,  8.876
148739.75489, 3,   0.796, -2.211,  9.795
148739.77489, 3,   2.899, -5.589, 13.785
148739.79489, 3,  -2.288,  0.363, 13.838
148739.81489, 3,   0.414, -1.734,  9.189
148739.83489, 3,   1.999, -0.916,  7.033
148739.85489, 3,   1.778, -1.136,  6.898
148739.87489, 3,   1.274, -1.266,  9.717
148739.89489, 3,   0.523, -1.071, 10.702
148739.91489, 3,   0.728, -0.641,  9.777
148739.93489, 3,   1.598, -1.286,  9.478
148739.95489, 3,   1.438, -0.888,  9.353
148739.97489, 3,   2.060, -0.870,  9.404
148739.99489, 3,   2.245, -0.940, 10.053
148740.01489, 3,   2.142, -0.888, 10.185
148740.03489, 3,   2.133, -0.793, 10.143
148740.05489, 3,   1.867, -0.710,  9.775
148740.07489, 3,   1.147, -0.586,  9.367
148740.09489, 3,   0.934, -0.298,  9.519
148740.11489, 3,   0.845, -0.332,  9.365
148740.13489, 3,   0.630, -0.033,  9.506
148740.15489, 3,   0.611, -0.018,  9.657
148740.17489, 3,   0.494,  0.162,  9.637
148740.19489, 3,   0.434,  0.340,  9.329
148740.21489, 3,   0.160,  0.370,  8.951
148740.23489, 3,  -1.129,  0.611,  7.798
148740.25489, 3,  -4.945,  1.066,  4.980
148740.27489, 3, -10.387,  1.264,  3.620
148740.29489, 3, -12.380, -0.791,  5.562
148740.31489, 3, -10.925, -3.569,  6.012
148740.33489, 3,  -7.855, -6.068,  5.138
148740.35489, 3,  -3.296, -8.272,  8.187
148740.37489, 3,  19.530,-19.451, 19.783
148740.39489, 3,   7.603,  7.477,  4.007
148740.41489, 3,   4.870, -4.838, 19.783
148740.43489, 3,   3.694, -5.045, 19.783
148740.45489, 3,   3.585, -4.805, 18.227
148740.47489, 3,   4.113, -2.786,  9.036
148740.49489, 3,   3.521, -1.898,  6.283
148740.51489, 3,  -2.010, -1.547,  3.661
148740.53489, 3, -12.229, -1.738, -0.541
148740.55489, 3, -19.696, -2.668, -1.749
148740.57489, 3, -19.696, -3.992,  2.975
148740.59489, 3, -11.819, -6.957,  3.518
148740.61489, 3,  19.530,-19.451, 19.783
148740.63489, 3,   8.672,  0.254, 11.829
148740.65489, 3,   1.299, -2.333, 19.783
148740.67489, 3,   1.370, -6.520, 18.342
148740.69489, 3,  -0.848, -2.452,  8.630
148740.71489, 3,   4.120, -2.086,  5.867
148740.73489, 3,   4.299, -1.084,  7.249
148740.75489, 3,   3.572, -1.859,  8.248
148740.77489, 3,   1.808, -2.184,  8.130
148740.79489, 3,  -0.252, -2.127,  8.319
148740.81489, 3,  -1.742, -1.956,  8.533
148740.83489, 3,  -2.492, -1.734,  9.022
148740.85489, 3,  -1.932, -1.682, 10.085
148740.87489, 3,  -1.398, -1.581,  9.678
148740.89489, 3,  -0.732, -1.790,  8.661
148740.91489, 3,  -0.006, -1.811,  8.601
148740.93489, 3,   0.801, -1.762,  8.893
148740.95489, 3,   1.478, -1.801,  9.419
148740.97489, 3,   1.774, -1.945,  9.452
148740.99489, 3,   1.705, -2.304,  9.282
148741.01489, 3,   1.769, -2.202, 10.261
148741.03489, 3,   1.789, -2.028, 10.703
148741.05489, 3,   1.797, -1.887,  9.920
148741.07489, 3,   1.464, -1.762,  9.115
148741.09489, 3,   1.283, -1.790,  9.337
148741.11489, 3,   1.280, -1.704,  9.957
148741.13489, 3,   1.601, -1.571,  9.866
148741.15489, 3,   1.454, -1.491,  8.842
148741.17489, 3,   1.480, -1.458,  8.531
148741.19489, 3,   1.204, -1.257,  8.861
148741.21489, 3,   1.422, -1.297,  9.766
148741.23489, 3,   1.287, -0.933, 10.329
148741.25489, 3,   1.860, -0.927, 10.816
148741.27489, 3,   2.450, -0.839, 10.820
148741.29489, 3,   2.539, -1.176,  9.808
148741.31489, 3,   2.283, -1.243,  8.996
148741.33489, 3,   2.040, -1.386,  8.663
148741.35489, 3,   1.884, -1.429,  8.755
148741.37489, 3,   1.867, -1.270,  9.449
148741.39489, 3,   1.787, -1.334, 10.206
148741.41489, 3,   1.918, -1.370, 10.735
148741.43489, 3,   2.142, -1.286, 10.354
148741.45489, 3,   2.424, -1.376,  9.519
148741.47489, 3,   2.705, -1.464,  8.858
148741.49489, 3,   2.850, -1.795,  8.803
148741.51489, 3,   2.189, -1.528,  9.112
148741.53489, 3,   1.537, -1.498,  9.571
148741.55489, 3,   1.277, -1.395, 10.000
148741.57489, 3,   1.303, -1.364,  9.408
148741.59489, 3,   1.553, -1.374,  8.605
148741.61489, 3,   1.722, -1.389,  8.520
148741.63489, 3,   1.798, -1.396,  9.241
148741.65489, 3,   1.713, -1.307,  9.820
148741.67489, 3,   1.840, -1.288,  9.680
148741.69489, 3,   2.354, -1.254,  9.684
148741.71489, 3,   2.349, -1.311,  9.457
148741.73489, 3,   2.608, -1.011,  9.319
148741.75489, 3,   2.458, -1.081,  9.115
148741.77489, 3,   2.023, -1.078,  9.528
148741.79489, 3,   1.761, -0.994,  9.886
148741.81489, 3,   1.862, -0.848,  9.667
148741.83489, 3,   2.145, -0.694,  9.566
148741.85489, 3,   2.326, -0.706,  9.398
148741.87489, 3,   2.400, -0.704,  9.733
148741.89489, 3,   2.077, -0.760, 10.012
148741.91489, 3,   2.157, -0.646,  9.863
148741.93489, 3,   1.923, -0.514,  9.481
148741.95489, 3,   1.615, -0.340,  9.054
148741.97489, 3,   1.326, -0.269,  9.065
148741.99489, 3,   1.156, -0.204,  9.146
148742.01489, 3,   0.670, -0.075,  9.423
148742.03489, 3,   0.858,  0.061,  9.930
148742.05489, 3,   0.854,  0.096,  9.972
148742.07489, 3,   0.848, -0.028,  9.613
148742.09489, 3,   0.864,  0.096,  9.456
148742.11489, 3,  -0.621,  0.606,  8.666
148742.13489, 3,  -4.674,  0.840,  5.718
148742.15489, 3,  -9.653,  0.539,  4.710
148742.17489, 3, -12.234, -0.837,  5.940
148742.19489, 3, -10.526, -2.930,  6.341
148742.21489, 3,  -8.322, -4.735,  5.528
148742.23489, 3,  -5.312, -7.337,  6.847
148742.25489, 3,  -0.547,-10.447,  8.902
148742.27489, 3,  13.554,  6.737,  6.234
148742.29489, 3,   8.809, -5.215, 18.471
148742.31489, 3,   2.598, -4.684, 19.783
148742.33489, 3,   5.499, -6.687, 19.783
148742.35489, 3,   4.880, -2.401, 11.605
148742.37489, 3,   7.278, -3.014,  6.497
148742.39489, 3,   4.308, -3.280,  5.766
148742.41489, 3,  -1.140, -3.828,  4.207
148742.43489, 3,  -9.805, -2.594, -0.442
148742.45489, 3, -14.974, -1.319, -0.706
148742.47489, 3, -16.185, -1.564,  2.607
148742.49489, 3, -18.622, -3.815,  3.005
148742.51489, 3, -14.724, -5.628,  5.796
148742.53489, 3,  -4.351, -8.437,  7.767
148742.55489, 3,  10.822, 15.292,  5.110
148742.57489, 3,   5.213, -4.066, 17.053
148742.59489, 3,  -3.023, -3.725, 17.384
148742.61489, 3,  -2.187, -2.756, 13.390
148742.63489, 3,   2.184, -1.446, 11.107
148742.65489, 3,   4.071, -1.465, 11.991
148742.67489, 3,   3.278, -2.505, 11.922
148742.69489, 3,   0.955, -2.840,  9.559
148742.71489, 3,  -0.307, -2.648,  7.651
148742.73489, 3,  -0.708, -2.173,  7.573
148742.75489, 3,  -1.126, -1.876,  8.020
148742.77489, 3,  -1.862, -1.654,  8.045
148742.79489, 3,  -2.033, -1.432,  8.459
148742.81489, 3,  -1.924, -1.558,  8.827
148742.83489, 3,  -1.928, -1.553,  9.733
148742.85489, 3,  -2.031, -1.662, 10.139
148742.87489, 3,  -1.350, -1.537, 10.512
148742.89489, 3,  -0.284, -1.450, 10.093
148742.91489, 3,   0.314, -1.172,  7.835
148742.93489, 3,   1.004, -1.744,  7.952
148742.95489, 3,   0.463, -1.572,  7.976
148742.97489, 3,  -0.807, -1.993,  8.276
148742.99489, 3,  -0.880, -1.133, 10.030
148743.01489, 3,  -0.204, -1.868,  9.659
148743.03489, 3,   0.408, -1.617,  8.861
148743.05489, 3,   1.161, -1.728,  8.518
148743.07489, 3,   1.533, -1.750,  8.494
148743.09489, 3,   1.480, -1.947,  9.255
148743.11489, 3,   0.851, -1.889, 10.467
148743.13489, 3,   0.456, -1.915, 11.354
148743.15489, 3,   0.135, -1.699, 11.185
148743.17489, 3,   0.165, -1.722, 10.143
148743.19489, 3,   0.099, -1.586,  9.660
148743.21489, 3,   0.151, -1.479,  9.511
148743.23489, 3,   0.286, -1.498,  9.417
148743.25489, 3,   0.347, -1.628,  9.695
148743.27489, 3,   0.488, -1.625, 10.212
148743.29489, 3,   0.736, -1.637, 10.339
148743.31489, 3,   0.958, -1.647, 10.198
148743.33489, 3,   1.335, -1.529, 10.011
148743.35489, 3,   1.553, -1.635,  9.832
148743.37489, 3,   1.336, -1.700,  9.470
148743.39489, 3,   1.187, -1.581,  9.268
148743.41489, 3,   1.043, -1.438,  9.052
148743.43489, 3,   0.898, -1.347,  9.124
148743.45489, 3,   0.648, -1.389,  9.219
148743.47489, 3,   0.394, -1.444,  9.717
148743.49489, 3,   0.338, -1.497, 10.425
148743.51489, 3,   0.404, -1.528, 10.203
148743.53489, 3,   0.637, -1.429,  9.669
148743.55489, 3,   0.754, -1.486,  9.276
148743.57489, 3,   0.872, -1.561,  9.286
148743.59489, 3,   0.841, -1.664,  9.529
148743.61489, 3,   0.923, -1.596,  9.613
148743.63489, 3,   0.982, -1.558,  9.581
148743.65489, 3,   1.071, -1.557,  9.588
148743.67489, 3,   1.223, -1.523,  9.754
148743.69489, 3,   1.208, -1.582,  9.988
148743.71489, 3,   1.146, -1.627, 10.175
148743.73489, 3,   0.995, -1.573, 10.337
148743.75489, 3,   0.989, -1.475,  9.948
148743.77489, 3,   1.085, -1.448,  9.340
148743.79489, 3,   1.145, -1.424,  9.194
148743.81489, 3,   0.951, -1.494,  9.288
148743.83489, 3,   0.875, -1.531,  9.693
148743.85489, 3,   0.809, -1.529,  9.692
148743.87489, 3,   0.825, -1.467,  9.640
148743.89489, 3,   0.918, -1.403,  9.590
148743.91489, 3,   0.897, -1.438,  9.156
148743.93489, 3,   0.845, -1.430,  9.367
148743.95489, 3,   0.829, -1.473,  9.629
148743.97489, 3,   0.843, -1.498,  9.559
148743.99489, 3,   0.900, -1.437,  9.611
148744.01489, 3,   1.024, -1.449,  9.863
148744.03489, 3,   0.893, -1.425,  9.867
148744.05489, 3,   0.959, -1.409,  9.696
148744.07489, 3,   0.974, -1.349,  9.640
148744.09489, 3,   1.148, -1.333,  9.520
148744.11489, 3,   1.241, -1.381,  9.599
148744.13489, 3,   1.282, -1.423,  9.777
148744.15489, 3,   1.278, -1.412, 10.016
148744.17489, 3,   1.301, -1.367,  9.944
148744.19489, 3,   1.301, -1.264,  9.948
148744.21489, 3,   1.532, -1.217,  9.996
148744.23489, 3,   1.906, -1.048,  9.932
148744.25489, 3,   2.403, -0.991, 10.367
148744.27489, 3,   2.079, -1.125,  9.508
148744.29489, 3,  -1.027, -0.710,  7.204
148744.31489, 3,  -7.459, -0.223,  4.083
148744.33489, 3, -13.530, -0.426,  5.474
148744.35489, 3, -14.444, -2.311,  9.396
148744.37489, 3, -12.131, -5.472,  9.107
148744.39489, 3,  -8.767, -8.122,  5.294
148744.41489, 3,  19.530,-19.451,  8.829
148744.43489, 3,  12.712,  4.423,  3.461
148744.45489, 3,   1.076, -3.855, 19.783
148744.47489, 3,   0.778, -5.592, 19.783
148744.49489, 3,   2.043, -3.195, 16.800
148744.51489, 3,   6.553, -2.449, 11.472
148744.53489, 3,   8.586, -2.557,  9.838
148744.55489, 3,   6.063, -3.444,  7.577
148744.57489, 3,   1.594, -2.887,  4.703
148744.59489, 3,  -4.961, -2.372,  1.493
148744.61489, 3, -13.787, -1.365,  0.791
148744.63489, 3, -19.216, -0.808,  3.160
148744.65489, 3, -17.185, -2.868,  5.572
148744.67489, 3, -10.827, -4.892,  4.645
148744.69489, 3,  -3.244, -7.153,  4.803
148744.71489, 3,  19.530,-19.451, 16.638
148744.73489, 3,  12.136,  7.199,  6.757
148744.75489, 3,   6.786, -3.190, 17.348
148744.77489, 3,   7.696, -6.536, 18.358
148744.79489, 3,  -1.177, -2.656, 10.677
148744.81489, 3,   1.331, -2.154,  8.827
148744.83489, 3,   1.132, -1.556,  9.010
148744.85489, 3,   1.097, -1.701,  8.517
148744.87489, 3,   0.676, -1.810,  7.503
148744.89489, 3,  -0.557, -1.743,  6.407
148744.91489, 3,  -1.024, -1.752,  7.166
148744.93489, 3,  -0.908, -1.607,  9.161
148744.95489, 3,  -0.703, -1.616,  9.993
148744.97489, 3,  -0.142, -1.717,  9.622
148744.99489, 3,   0.766, -1.804,  9.096
148745.01489, 3,   1.839, -1.735, 10.361
148745.03489, 3,   2.585, -1.902, 10.370
148745.05489, 3,   2.747, -1.862,  9.267
148745.07489, 3,   2.711, -1.729,  9.073
148745.09489, 3,   2.338, -1.694,  8.707
148745.11489, 3,   1.905, -1.714,  8.271
148745.13489, 3,   1.283, -1.646,  8.818
148745.15489, 3,   0.846, -1.576,  9.640
148745.17489, 3,   0.612, -1.678,  9.826
148745.19489, 3,   1.375, -1.203,  9.164
148745.21489, 3,   1.520, -1.198,  9.371
148745.23489, 3,   1.336, -1.353,  9.623
148745.25489, 3,   1.061, -1.297, 10.133
148745.27489, 3,   1.167, -1.282, 10.263
148745.29489, 3,   1.394, -1.189,  9.874
148745.31489, 3,   1.590, -1.165,  9.447
148745.33489, 3,   1.607, -1.124,  9.483
148745.35489, 3,   1.697, -1.255,  9.484
148745.37489, 3,   1.866, -1.279,  9.587
148745.39489, 3,   1.790, -1.297,  9.429
148745.41489, 3,   1.631, -1.309,  9.763
148745.43489, 3,   1.471, -1.306,  9.876
148745.45489, 3,   1.271, -1.286,  9.842
148745.47489, 3,   1.205, -1.307,  9.963
148745.49489, 3,   1.046, -1.232,  9.312
148745.51489, 3,   1.156, -1.195,  9.122
148745.53489, 3,   1.045, -1.230,  9.077
148745.55489, 3,   1.136, -1.160,  9.799
148745.57489, 3,   1.155, -1.149,  9.809
148745.59489, 3,   1.290, -1.129,  9.626
148745.61489, 3,   1.303, -1.061,  9.645
148745.63489, 3,   1.298, -1.166,  9.588
148745.65489, 3,   1.457, -1.075,  9.929
148745.67489, 3,   1.701, -1.008,  9.544
148745.69489, 3,   1.662, -0.943,  9.631
148745.71489, 3,   1.352, -0.929,  9.740
148745.73489, 3,   1.217, -0.955,  9.434
148745.75489, 3,   0.971, -0.943,  9.441
148745.77489, 3,   0.848, -0.846,  9.492
148745.79489, 3,   0.928, -0.907,  9.027
148745.81489, 3,   1.010, -0.903,  9.672
148745.83489, 3,   1.463, -0.935, 10.344
148745.85489, 3,   1.595, -0.917, 10.114
148745.87489, 3,   1.543, -0.899,  9.880
148745.89489, 3,   1.471, -0.849,  9.833
148745.91489, 3,   1.472, -0.803,  9.392
148745.93489, 3,   1.529, -0.857,  9.313
148745.95489, 3,   1.468, -1.025,  9.919
148745.97489, 3,   1.282, -1.081, 10.314
148745.99489, 3,   1.508, -0.977, 10.181
148746.01489, 3,   1.740, -0.856,  9.580
148746.03489, 3,   1.926, -0.776,  9.394
148746.05489, 3,   2.274, -0.745,  9.917
148746.07489, 3,   2.441, -0.969, 10.707
148746.09489, 3,   2.167, -1.034, 11.057
148746.11489, 3,   2.482, -0.793, 11.922
148746.13489, 3,   2.819, -0.787, 10.680
148746.15489, 3,   2.689, -0.492,  9.099
148746.17489, 3,   2.264, -0.423,  7.628
148746.19489, 3,   1.471, -0.304,  7.109
148746.21489, 3,   0.139, -0.303,  7.428
148746.23489, 3,  -0.424, -0.335,  8.220
148746.25489, 3,  -1.805, -0.076,  8.189
148746.27489, 3,  -2.764,  0.275,  8.078
148746.29489, 3,  -4.357,  0.475,  7.810
148746.31489, 3,  -8.747,  0.459,  5.062
148746.33489, 3, -13.557, -0.067,  2.469
148746.35489, 3, -14.073, -2.558,  3.436
148746.37489, 3, -11.162, -5.081,  7.914
148746.39489, 3,  -6.313, -8.622,  9.250
148746.41489, 3,   0.950,-10.967, 11.941
148746.43489, 3,  18.716, 13.266,  4.317
148746.45489, 3,   7.232, -5.028, 19.783
148746.47489, 3,   9.632, -5.700, 19.783
148746.49489, 3,   2.248, -5.325, 15.571
148746.51489, 3,   1.460, -2.408,  7.384
148746.53489, 3,   2.021, -1.699,  6.367
148746.55489, 3,  -1.877, -1.080,  5.383
148746.57489, 3,  -6.269, -0.708,  3.854
148746.59489, 3, -13.760,  0.668,  2.326
148746.61489, 3, -17.911, -0.148,  0.692
148746.63489, 3, -17.620, -1.895,  1.978
148746.65489, 3, -13.449, -5.908,  3.556
148746.67489, 3,  -7.921, -9.674,  5.901
148746.69489, 3,  19.530,-19.451, 19.783
148746.71489, 3,   9.348, -3.931, 13.179
148746.73489, 3,   1.854, -0.662, 19.520
148746.75489, 3,   5.098, -6.572, 19.765
148746.77489, 3,   0.357, -2.142,  9.569
148746.79489, 3,   4.290, -1.417,  7.276
148746.81489, 3,   5.213, -1.330,  9.229
148746.83489, 3,   4.162, -2.229, 10.047
148746.85489, 3,   2.212, -2.436,  9.255
148746.87489, 3,   0.762, -2.145,  8.723
148746.89489, 3,   0.390, -1.505,  9.022
148746.91489, 3,   0.417, -1.449,  9.127
148746.93489, 3,  -0.120, -0.899,  8.530
148746.95489, 3,   1.475, -0.317,  8.858
148746.97489, 3,   1.578, -0.668,  8.901
148746.99489, 3,   1.458, -0.556,  9.707
148747.01489, 3,   1.795, -0.810, 10.848
148747.03489, 3,   1.602, -0.650, 10.536
148747.05489, 3,   4.751, -3.893,  9.686
148747.07489, 3,   1.363,  0.959,  8.575
148747.09489, 3,   1.562, -0.425,  8.751
148747.11489, 3,   0.569, -0.014,  9.208
148747.13489, 3,  -1.135, -0.151,  9.309
148747.15489, 3,  -2.155, -0.244,  9.568
148747.17489, 3,  -1.131, -0.253, 10.088
148747.19489, 3,   0.242,  0.030, 10.126
148747.21489, 3,   0.934,  0.278,  8.806
148747.23489, 3,   0.681,  0.514,  7.785
148747.25489, 3,   0.084,  0.793,  8.110
148747.27489, 3,   0.556,  0.325,  8.838
148747.29489, 3,   0.723,  0.398,  9.267
148747.31489, 3,   0.673,  0.494,  9.950
148747.33489, 3,   0.969,  0.454, 10.073
148747.35489, 3,   1.038,  0.497,  9.332
148747.37489, 3,   0.929,  0.817,  9.083
148747.39489, 3,   0.891,  0.937,  9.429
148747.41489, 3,   0.827,  1.093,  9.526
148747.43489, 3,   0.974,  0.691,  9.529
148747.45489, 3,   0.797,  0.852,  9.645
148747.47489, 3,   0.586,  1.041,  9.533
148747.49489, 3,   0.773,  1.039,  9.652
148747.51489, 3,   1.299,  1.208,  9.678
148747.53489, 3,   1.283,  1.239,  9.322
148747.55489, 3,   1.177,  1.086,  9.268
148747.57489, 3,   1.152,  1.324,  9.909
148747.59489, 3,   1.097,  1.234, 10.053
148747.61489, 3,   0.996,  1.249,  9.798
148747.63489, 3,   0.801,  1.295,  9.240
148747.65489, 3,   1.019,  1.303,  9.253
148747.67489, 3,   1.165,  1.260,  9.347
148747.69489, 3,   1.167,  1.169,  9.459
148747.71489, 3,   1.137,  1.050, 10.035
148747.73489, 3,   0.800,  0.947,  9.851
148747.75489, 3,   1.074,  1.147, 10.368
148747.77489, 3,   1.402,  1.258, 10.271
148747.79489, 3,   0.988,  0.782,  9.422
148747.81489, 3,   0.905,  0.903,  9.838
148747.83489, 3,   1.165,  0.978, 10.114
148747.85489, 3,   1.188,  1.339,  9.619
148747.87489, 3,   1.371,  1.508,  8.988
148747.89489, 3,   1.501,  1.484,  8.855
148747.91489, 3,   1.405,  1.665,  9.682
148747.93489, 3,   1.249,  1.637, 10.284
148747.95489, 3,   1.455,  1.865, 10.316
148747.97489, 3,   1.437,  2.352, 10.615
148747.99489, 3,   1.671,  2.010, 10.713
148748.01489, 3,   2.005,  1.967, 10.743
148748.03489, 3,   2.804,  1.794, 10.490
148748.05489, 3,   3.543,  1.755, 11.157
148748.07489, 3,   3.563,  1.246, 11.821
148748.09489, 3,   1.128,  1.897, 13.398
148748.11489, 3,  -0.665,  1.615, 13.386
148748.13489, 3,  -0.727,  1.289, 11.983
148748.15489, 3,  -0.172,  2.068, 10.537
148748.17489, 3,   0.002,  2.562,  8.381
148748.19489, 3,  -0.419,  2.586,  3.993
148748.21489, 3,  -1.155,  3.018, 10.423
148748.23489, 3,  -3.474,  2.499, 11.560
148748.25489, 3,  -2.060,  1.132, 11.491
148748.27489, 3,  -0.942,  1.268, 11.787
148748.29489, 3,  -0.082,  1.590,  9.443
148748.31489, 3,   0.749,  1.377,  6.555
148748.33489, 3,   0.875,  1.850,  5.146
148748.35489, 3,  -0.835,  3.176,  7.330
148748.37489, 3,  -3.238,  3.803,  9.117
148748.39489, 3,  -3.015,  3.254,  8.658
148748.41489, 3,  -0.078,  2.625,  8.281
148748.43489, 3,  -0.347,  3.039,  7.334
148748.45489, 3,  -0.940,  2.162,  4.007
148748.47489, 3,  -1.896,  3.309,  9.253
148748.49489, 3,  -1.466,  3.465,  9.106
148748.51489, 3,  -0.227,  3.402,  8.226
148748.53489, 3,  -0.089,  3.303,  8.380
148748.55489, 3,  -0.148,  4.022,  7.868
148748.57489, 3,   0.105,  3.776,  9.885
