148781.13489, 3,   3.204,  0.014,  9.531
148781.15489, 3,   4.441, -0.219,  8.958
148781.17489, 3,   4.235,  0.266,  8.853
148781.19489, 3,   4.099,  0.072,  9.120
148781.21489, 3,   4.441,  0.191,  8.870
148781.23489, 3,   4.234,  0.576,  8.367
148781.25489, 3,   3.564,  0.852,  7.743
148781.27489, 3,   4.177,  0.237,  8.289
148781.29489, 3,   4.599,  0.105,  8.978
148781.31489, 3,   4.936,  0.208,  8.292
148781.33489, 3,   4.494,  1.123,  7.575
148781.35489, 3,   3.880,  1.587,  8.249
148781.37489, 3,   4.798, -0.214,  8.705
148781.39489, 3,   5.689, -0.602,  8.998
148781.41489, 3,   5.279,  0.315,  8.875
148781.43489, 3,   4.838,  0.633,  8.402
148781.45489, 3,   4.269,  1.172,  8.219
148781.47489, 3,   5.409, -0.008,  5.742
148781.49489, 3,   6.592, -2.322,  6.826
148781.51489, 3,   6.147, -1.176,  8.569
148781.53489, 3,   6.354, -0.508,  8.085
148781.55489, 3,   6.012,  0.114,  6.793
148781.57489, 3,   6.150,  0.111,  5.949
148781.59489, 3,   6.533, -0.493,  5.928
148781.61489, 3,   6.836, -0.807,  6.295
148781.63489, 3,   7.441, -0.471,  7.463
148781.65489, 3,   7.232,  0.089,  8.256
148781.67489, 3,   7.090, -0.372,  7.835
148781.69489, 3,   7.093, -0.361,  7.261
148781.71489, 3,   7.493, -0.708,  4.924
148781.73489, 3,   8.516, -1.651,  3.501
148781.75489, 3,   8.953, -1.799,  3.875
148781.77489, 3,   7.896, -1.304,  4.399
148781.79489, 3,   7.448, -1.296,  5.419
148781.81489, 3,   7.345, -1.169,  6.031
148781.83489, 3,   6.424, -0.769,  5.297
148781.85489, 3,   7.632, -1.096,  5.538
148781.87489, 3,   7.996, -2.318,  4.820
148781.89489, 3,   9.902, -4.955,  4.624
148781.91489, 3,   9.030, -4.008,  4.928
148781.93489, 3,   7.667, -2.444,  4.670
148781.95489, 3,   7.201, -2.682,  3.205
148781.97489, 3,   7.457, -3.178,  3.148
148781.99489, 3,   9.786, -3.612,  5.735
148782.01489, 3,   9.933, -3.703,  6.421
148782.03489, 3,   8.498, -3.339,  4.476
148782.05489, 3,   8.301, -3.845,  2.760
148782.07489, 3,   8.199, -4.691,  2.140
148782.09489, 3,   7.439, -3.790,  2.633
148782.11489, 3,   8.906, -4.331,  4.209
148782.13489, 3,   9.587, -4.565,  5.920
148782.15489, 3,   9.281, -4.514,  5.271
148782.17489, 3,   8.319, -4.210,  3.184
148782.19489, 3,   7.807, -3.937,  2.735
148782.21489, 3,   7.975, -4.170,  3.466
148782.23489, 3,   8.170, -4.447,  3.747
148782.25489, 3,   8.653, -4.538,  4.382
148782.27489, 3,   8.206, -4.359,  2.984
148782.29489, 3,   8.046, -4.159,  2.265
148782.31489, 3,   8.380, -4.532,  2.623
148782.33489, 3,   8.608, -4.655,  4.095
148782.35489, 3,   9.061, -4.965,  4.403
148782.37489, 3,   8.503, -4.839,  4.501
148782.39489, 3,   8.146, -5.031,  4.127
148782.41489, 3,   8.122, -4.856,  3.683
148782.43489, 3,   8.001, -4.631,  3.604
148782.45489, 3,   7.915, -4.566,  2.920
148782.47489, 3,   7.973, -4.535,  2.781
148782.49489, 3,   8.046, -4.489,  2.958
148782.51489, 3,   7.963, -4.261,  2.741
148782.53489, 3,   7.734, -4.445,  2.414
148782.55489, 3,   8.452, -4.410,  2.438
148782.57489, 3,   8.863, -4.337,  3.006
148782.59489, 3,   8.951, -4.192,  3.011
148782.61489, 3,   8.684, -4.040,  3.068
148782.63489, 3,   8.209, -4.086,  3.223
148782.65489, 3,   8.222, -4.121,  3.383
148782.67489, 3,   8.439, -4.022,  3.524
148782.69489, 3,   8.289, -3.912,  3.382
148782.71489, 3,   7.922, -3.875,  3.289
148782.73489, 3,   7.802, -3.910,  3.443
148782.75489, 3,   7.961, -4.032,  3.664
148782.77489, 3,   8.565, -4.070,  3.689
148782.79489, 3,   8.723, -3.948,  2.830
148782.81489, 3,   8.265, -3.840,  2.413
148782.83489, 3,   7.945, -3.902,  2.558
148782.85489, 3,   7.963, -3.938,  3.182
148782.87489, 3,   8.192, -4.023,  3.726
148782.89489, 3,   8.453, -3.933,  3.999
148782.91489, 3,   8.872, -3.821,  3.589
148782.93489, 3,   8.743, -3.560,  2.986
148782.95489, 3,   8.269, -3.493,  2.712
148782.97489, 3,   8.294, -3.629,  3.142
148782.99489, 3,   8.596, -3.660,  3.814
148783.01489, 3,   8.666, -3.555,  3.804
148783.03489, 3,   9.136, -3.561,  3.318
148783.05489, 3,   9.609, -3.263,  3.600
148783.07489, 3,   9.123, -3.484,  2.474
148783.09489, 3,   7.395, -3.970,  3.021
148783.11489, 3,   5.505, -5.185,  5.250
148783.13489, 3,  -2.230, -6.691,  0.158
148783.15489, 3, -16.443, -9.871, -9.535
148783.17489, 3, -19.696,-13.314, -8.478
148783.19489, 3, -18.643,-19.451, -7.785
148783.21489, 3,  -3.562,-19.451, -5.071
148783.23489, 3,   2.398,-19.451, 13.230
148783.25489, 3,   7.773,-19.451, 18.257
148783.27489, 3,  17.375,-19.451, 10.867
148783.29489, 3,  19.530,-19.451, -1.397
148783.31489, 3,  19.530,-15.474, -1.984
148783.33489, 3,  19.530,-12.100,  8.131
148783.35489, 3,  15.844,-12.320,  2.987
148783.37489, 3,  13.756,-11.912, -0.718
148783.39489, 3,  13.494,-12.160,  0.993
148783.41489, 3,  13.585,-12.682,  0.898
148783.43489, 3,  13.433,-14.646,  0.822
148783.45489, 3,  11.608,-16.977,  0.101
148783.47489, 3,  11.119,-19.254,  1.282
148783.49489, 3,  15.080,-19.451,  3.818
148783.51489, 3,  15.323,-19.451,  2.129
148783.53489, 3,   8.441,-19.451, -3.893
148783.55489, 3,  -1.466,-19.451, -8.269
148783.57489, 3,  -3.747,-19.451, -5.283
148783.59489, 3,  -3.467,-17.763,  5.007
148783.61489, 3,  -4.538,-11.887, 13.076
148783.63489, 3,  -5.435, -7.059, 14.381
148783.65489, 3,  -3.234, -5.867, 10.540
148783.67489, 3,  -1.459, -5.099,  7.451
148783.69489, 3,   0.254, -4.545,  5.053
148783.71489, 3,   1.998, -4.132,  3.943
148783.73489, 3,   4.976, -4.136,  2.217
148783.75489, 3,   5.553, -3.721, -0.141
148783.77489, 3,   4.923, -3.077, -1.264
148783.79489, 3,   4.650, -2.783, -0.254
148783.81489, 3,   5.048, -3.131,  1.506
148783.83489, 3,   6.418, -3.640,  3.215
148783.85489, 3,   7.917, -3.887,  3.145
148783.87489, 3,   7.945, -4.187,  1.632
148783.89489, 3,   7.357, -4.695, -0.067
148783.91489, 3,   7.772, -5.083,  0.166
148783.93489, 3,   9.160, -5.209,  1.114
148783.95489, 3,   9.362, -4.889,  0.968
148783.97489, 3,   8.784, -4.911, -0.177
148783.99489, 3,   8.206, -5.856, -0.753
148784.01489, 3,   8.183, -6.685, -0.185
148784.03489, 3,   9.810, -7.333,  0.898
148784.05489, 3,  12.735, -7.630,  2.502
148784.07489, 3,  11.786, -6.744,  1.739
148784.09489, 3,  10.318, -6.809, -0.403
148784.11489, 3,   9.294, -6.970, -1.173
148784.13489, 3,   8.736, -6.891, -0.647
148784.15489, 3,  10.156, -7.158,  0.526
148784.17489, 3,  10.347, -6.468,  1.605
148784.19489, 3,   9.360, -6.678,  0.087
148784.21489, 3,   8.893, -6.793, -1.063
148784.23489, 3,   8.456, -6.775, -0.510
148784.25489, 3,   8.155, -6.706,  0.691
148784.27489, 3,   8.376, -6.817,  2.040
148784.29489, 3,   8.099, -6.797,  2.731
148784.31489, 3,   7.423, -6.772,  1.953
148784.33489, 3,   6.875, -6.743,  1.103
148784.35489, 3,   6.819, -6.712,  1.354
148784.37489, 3,   7.068, -6.916,  1.952
148784.39489, 3,   7.322, -7.111,  2.521
148784.41489, 3,   7.115, -7.022,  2.610
148784.43489, 3,   6.646, -7.000,  2.116
148784.45489, 3,   6.428, -7.054,  2.108
148784.47489, 3,   6.336, -6.924,  2.571
148784.49489, 3,   6.355, -6.954,  2.738
148784.51489, 3,   6.504, -7.021,  2.683
148784.53489, 3,   6.279, -6.980,  2.188
148784.55489, 3,   6.019, -6.962,  1.514
148784.57489, 3,   5.963, -6.941,  1.445
148784.59489, 3,   6.174, -6.999,  1.922
148784.61489, 3,   6.289, -6.980,  2.201
148784.63489, 3,   6.342, -7.034,  2.210
148784.65489, 3,   6.407, -7.055,  2.319
148784.67489, 3,   6.345, -6.955,  2.461
148784.69489, 3,   6.324, -6.876,  2.255
148784.71489, 3,   6.388, -6.801,  2.036
148784.73489, 3,   6.521, -6.768,  1.995
148784.75489, 3,   6.752, -6.728,  2.034
148784.77489, 3,   6.791, -6.763,  1.820
148784.79489, 3,   6.712, -6.770,  1.623
148784.81489, 3,   6.630, -6.775,  1.745
148784.83489, 3,   6.665, -6.731,  2.198
148784.85489, 3,   6.809, -6.720,  2.498
148784.87489, 3,   6.911, -6.630,  2.416
148784.89489, 3,   6.858, -6.645,  1.801
148784.91489, 3,   6.827, -6.587,  1.500
148784.93489, 3,   6.926, -6.639,  1.758
148784.95489, 3,   6.936, -6.736,  1.898
148784.97489, 3,   6.867, -6.773,  2.025
148784.99489, 3,   6.956, -6.816,  2.095
148785.01489, 3,   6.890, -6.768,  1.973
148785.03489, 3,   6.877, -6.736,  1.801
148785.05489, 3,   6.881, -6.699,  1.816
148785.07489, 3,   6.931, -6.703,  1.798
148785.09489, 3,   6.835, -6.654,  1.831
148785.11489, 3,   6.920, -6.722,  1.933
148785.13489, 3,   7.054, -6.685,  2.080
148785.15489, 3,   7.305, -6.703,  1.967
148785.17489, 3,   8.763, -6.799,  2.243
148785.19489, 3,  11.327, -6.345,  3.638
148785.21489, 3,  13.679, -6.775,  3.125
148785.23489, 3,  11.526, -6.098,  1.684
148785.25489, 3,   9.252, -6.986,  0.678
148785.27489, 3,   5.030, -7.129,  2.397
148785.29489, 3,   1.972, -8.262,  4.898
148785.31489, 3,  -6.974, -8.097,  2.006
148785.33489, 3, -18.695, -7.981, -5.103
148785.35489, 3, -19.696,-11.437, -4.952
148785.37489, 3, -19.696,-18.577, -2.363
148785.39489, 3,  -9.549,-19.451,  2.923
148785.41489, 3,  -0.147,-19.451, 11.037
148785.43489, 3,  11.609,-19.451, 17.384
148785.45489, 3,  17.392,-19.451,  6.507
148785.47489, 3,  19.530,-15.844, -0.674
148785.49489, 3,  19.530, -9.157,  5.200
148785.51489, 3,  18.168, -8.518,  4.795
148785.53489, 3,   9.892,-11.956, -3.408
148785.55489, 3,   1.898,-13.074, -2.217
148785.57489, 3,  -2.699,-13.217,  0.497
148785.59489, 3,  -1.201,-12.636,  2.194
148785.61489, 3,   1.791,-12.203,  3.913
148785.63489, 3,   6.658,-12.030,  2.347
148785.65489, 3,  10.971,-13.184, -0.079
148785.67489, 3,  16.768,-13.596, -0.750
148785.69489, 3,  19.530,-17.923, -3.296
148785.71489, 3,  19.530,-19.451, -6.385
148785.73489, 3,   6.940,-19.451, -9.944
148785.75489, 3,  -7.730,-19.451, -9.537
148785.77489, 3, -11.334,-19.451, -2.811
148785.79489, 3,  -2.394,-14.950,  6.969
148785.81489, 3,  -0.889,-12.600, 13.673
148785.83489, 3,  -5.430, -9.793, 13.828
148785.85489, 3,  -7.381, -7.131, 12.924
148785.87489, 3,  -2.655, -4.338, 12.689
148785.89489, 3,   4.304, -4.848,  9.258
148785.91489, 3,   7.651, -5.079,  5.219
148785.93489, 3,   7.182, -4.810,  1.125
148785.95489, 3,   6.422, -3.968, -2.091
148785.97489, 3,   6.774, -3.572, -3.418
148785.99489, 3,   7.920, -3.581, -2.517
148786.01489, 3,   8.262, -3.621, -0.015
148786.03489, 3,   7.428, -3.430,  1.957
148786.05489, 3,   5.419, -3.763,  2.320
148786.07489, 3,   4.744, -5.020,  2.216
148786.09489, 3,   6.388, -6.190,  3.664
148786.11489, 3,   9.520, -7.255,  5.806
148786.13489, 3,   9.096, -6.739,  6.166
148786.15489, 3,   6.593, -6.779,  3.583
148786.17489, 3,   4.997, -7.292,  1.264
148786.19489, 3,   4.712, -7.705,  0.385
148786.21489, 3,   5.314, -9.371,  0.534
148786.23489, 3,   6.973,-10.269,  1.651
148786.25489, 3,   8.534,-10.293,  2.942
148786.27489, 3,   8.383,-10.183,  1.652
148786.29489, 3,   7.828, -9.621, -0.659
148786.31489, 3,   7.496, -9.212, -1.887
148786.33489, 3,   7.219, -8.755, -1.719
148786.35489, 3,   7.330, -8.697, -0.972
148786.37489, 3,   7.722, -8.851, -0.384
148786.39489, 3,   7.407, -8.523, -0.419
148786.41489, 3,   7.290, -8.045, -0.506
148786.43489, 3,   6.936, -7.610, -0.347
148786.45489, 3,   6.886, -7.671,  0.883
148786.47489, 3,   7.039, -8.377,  2.146
148786.49489, 3,   6.288, -8.701,  2.239
148786.51489, 3,   5.325, -8.778,  1.571
148786.53489, 3,   4.611, -8.711,  1.282
148786.55489, 3,   4.407, -8.647,  1.737
148786.57489, 3,   4.511, -8.654,  2.480
148786.59489, 3,   4.591, -8.558,  2.886
148786.61489, 3,   5.013, -8.926,  3.166
148786.63489, 3,   5.338, -8.843,  3.464
148786.65489, 3,   5.376, -8.543,  2.455
148786.67489, 3,   5.089, -8.198,  1.133
148786.69489, 3,   4.549, -8.059,  0.792
148786.71489, 3,   4.153, -8.121,  0.923
148786.73489, 3,   4.050, -8.295,  1.371
148786.75489, 3,   4.051, -8.497,  2.037
148786.77489, 3,   4.129, -8.473,  2.535
148786.79489, 3,   4.301, -8.184,  2.786
148786.81489, 3,   4.508, -8.078,  2.548
148786.83489, 3,   4.882, -8.043,  2.432
148786.85489, 3,   5.419, -7.989,  2.604
148786.87489, 3,   5.529, -7.980,  2.516
148786.89489, 3,   5.213, -7.969,  1.857
148786.91489, 3,   4.996, -7.862,  1.442
148786.93489, 3,   5.075, -7.832,  1.762
148786.95489, 3,   5.232, -7.915,  2.440
148786.97489, 3,   5.140, -7.944,  2.806
148786.99489, 3,   5.017, -7.887,  2.605
148787.01489, 3,   4.931, -7.838,  2.529
148787.03489, 3,   5.024, -7.715,  2.741
148787.05489, 3,   5.228, -7.724,  2.794
148787.07489, 3,   5.338, -7.791,  2.645
148787.09489, 3,   5.406, -7.751,  2.363
148787.11489, 3,   5.315, -7.680,  1.957
148787.13489, 3,   5.264, -7.701,  1.942
148787.15489, 3,   5.244, -7.657,  2.280
148787.17489, 3,   5.145, -7.695,  2.525
148787.19489, 3,   5.046, -7.673,  2.625
148787.21489, 3,   5.016, -7.731,  2.511
148787.23489, 3,   5.079, -7.745,  2.410
148787.25489, 3,   5.281, -7.781,  2.269
148787.27489, 3,   5.432, -7.759,  2.088
148787.29489, 3,   5.426, -7.705,  2.030
148787.31489, 3,   5.428, -7.666,  2.264
148787.33489, 3,   5.526, -7.712,  2.489
148787.35489, 3,   5.591, -7.636,  2.525
148787.37489, 3,   5.654, -7.747,  2.229
148787.39489, 3,   5.687, -7.699,  2.176
148787.41489, 3,   5.723, -7.649,  2.262
148787.43489, 3,   5.961, -7.638,  2.434
148787.45489, 3,   6.043, -7.517,  2.548
148787.47489, 3,   6.076, -7.586,  2.294
148787.49489, 3,   6.052, -7.583,  2.244
148787.51489, 3,   5.951, -7.583,  2.233
148787.53489, 3,   5.947, -7.518,  2.392
148787.55489, 3,   5.813, -7.506,  2.426
148787.57489, 3,   5.682, -7.590,  2.451
148787.59489, 3,   5.539, -7.539,  2.450
148787.61489, 3,   5.541, -7.490,  2.409
148787.63489, 3,   5.519, -7.495,  2.575
148787.65489, 3,   5.547, -7.480,  2.636
148787.67489, 3,   5.555, -7.563,  2.586
148787.69489, 3,   5.564, -7.597,  2.498
148787.71489, 3,   5.493, -7.597,  2.529
148787.73489, 3,   5.532, -7.510,  2.646
148787.75489, 3,   5.386, -7.425,  2.680
148787.77489, 3,   5.103, -7.654,  2.419
148787.79489, 3,   4.796, -7.695,  2.921
148787.81489, 3,   4.850, -7.868,  3.072
148787.83489, 3,   4.649, -7.866,  2.683
148787.85489, 3,  -2.374,-10.218, -0.897
148787.87489, 3, -15.384,-11.286, -9.087
148787.89489, 3, -13.609,-13.307,-11.683
148787.91489, 3,  -2.182,-16.496, -1.664
148787.93489, 3,  19.530,-15.378, 16.904
148787.95489, 3,  19.530, -1.422, -3.773
148787.97489, 3,  19.530,-15.858,-19.443
148787.99489, 3,  14.721,-19.451,-16.880
148788.01489, 3,   8.234,-19.451,-19.443
148788.03489, 3,   4.367,-19.451, -4.195
148788.05489, 3,  -2.795,-19.451, 19.783
148788.07489, 3,   4.472,-13.520, 15.761
148788.09489, 3,   7.120,-11.711, -1.810
148788.11489, 3,   3.451, -8.990, -3.740
148788.13489, 3,   2.103, -6.239,  2.462
148788.15489, 3,   1.865, -4.542,  6.268
148788.17489, 3,   0.800, -2.941,  4.113
148788.19489, 3,   0.154, -1.868,  0.367
148788.21489, 3,   0.867, -1.993, -1.638
148788.23489, 3,   0.576, -1.970, -1.784
148788.25489, 3,   0.211, -2.306,  0.252
148788.27489, 3,   1.151, -3.520,  3.052
148788.29489, 3,   7.077, -4.811,  4.151
148788.31489, 3,   7.435, -5.272,  2.824
148788.33489, 3,   3.129, -5.675, -0.052
148788.35489, 3,   0.604, -6.101, -0.962
148788.37489, 3,   7.609, -8.386, -0.126
148788.39489, 3,  17.101, -9.309,  2.360
148788.41489, 3,  12.438, -6.989,  2.263
148788.43489, 3,   5.611, -6.234,  0.201
148788.45489, 3,   2.944, -6.638, -2.408
148788.47489, 3,   4.337, -7.862, -2.673
148788.49489, 3,   6.418, -8.860, -0.830
148788.51489, 3,   8.226,-10.119,  1.301
148788.53489, 3,   9.017,-10.123,  3.417
148788.55489, 3,   9.026, -9.939,  3.916
148788.57489, 3,   8.084, -9.514,  2.255
148788.59489, 3,   6.929, -9.390,  0.346
148788.61489, 3,   6.539, -9.282, -0.678
148788.63489, 3,   7.066, -9.158, -0.790
148788.65489, 3,   7.943, -9.137, -0.659
148788.67489, 3,   7.930, -9.000, -0.794
148788.69489, 3,   7.661, -8.932, -0.768
148788.71489, 3,   7.372, -8.680, -0.298
148788.73489, 3,   7.621, -8.619,  0.385
148788.75489, 3,   7.484, -8.539,  0.977
148788.77489, 3,   7.327, -8.480,  1.279
148788.79489, 3,   7.099, -8.586,  0.907
148788.81489, 3,   6.492, -9.180,  0.312
148788.83489, 3,   6.111, -9.215,  0.518
148788.85489, 3,   5.729, -9.027,  0.832
148788.87489, 3,   5.529, -8.844,  1.068
148788.89489, 3,   5.212, -8.619,  1.499
148788.91489, 3,   4.916, -8.450,  1.856
148788.93489, 3,   4.721, -8.392,  2.204
148788.95489, 3,   4.530, -8.313,  2.270
148788.97489, 3,   4.549, -8.341,  2.344
148788.99489, 3,   5.225, -8.189,  2.636
148789.01489, 3,   5.517, -7.972,  2.747
148789.03489, 3,   5.121, -8.068,  1.967
148789.05489, 3,   4.744, -8.417,  1.354
148789.07489, 3,   4.332, -8.433,  1.287
148789.09489, 3,   4.196, -8.294,  1.763
148789.11489, 3,   4.271, -8.085,  2.380
148789.13489, 3,   4.397, -8.175,  2.618
148789.15489, 3,   4.470, -8.210,  2.528
148789.17489, 3,   4.629, -8.127,  2.081
148789.19489, 3,   4.914, -7.969,  1.645
148789.21489, 3,   5.333, -7.887,  1.374
148789.23489, 3,   5.808, -7.714,  1.542
148789.25489, 3,   5.878, -7.695,  1.394
148789.27489, 3,   5.680, -7.787,  1.116
148789.29489, 3,   5.331, -7.946,  1.122
148789.31489, 3,   5.306, -7.857,  1.259
148789.33489, 3,   5.714, -7.754,  1.561
148789.35489, 3,   6.033, -7.721,  1.851
148789.37489, 3,   6.152, -7.693,  1.931
148789.39489, 3,   6.988, -7.820,  2.025
148789.41489, 3,   7.620, -7.527,  2.459
148789.43489, 3,   8.576, -7.518,  2.313
148789.45489, 3,  11.471, -7.392,  2.731
148789.47489, 3,  15.604, -7.241,  3.887
148789.49489, 3,  16.579, -7.584,  3.141
148789.51489, 3,  14.453, -8.324,  0.970
148789.53489, 3,   9.786, -9.621, -1.180
148789.55489, 3,   2.889, -9.524, -0.920
148789.57489, 3,  -2.039, -7.417,  3.434
148789.59489, 3,  -7.261, -7.389, -1.598
148789.61489, 3,  -9.694, -5.954, -1.104
148789.63489, 3,  -8.574, -6.800,  1.371
148789.65489, 3,  -8.756, -8.484,  0.195
148789.67489, 3,  -7.502,-13.985, -9.105
148789.69489, 3,  -7.825,-17.299, -7.091
148789.71489, 3,  -1.672,-19.451, -4.507
148789.73489, 3,   4.105,-19.451, -0.659
148789.75489, 3,  10.142,-19.451,  8.919
148789.77489, 3,  13.392,-19.429, 14.245
148789.79489, 3,  14.328,-15.329, 10.886
148789.81489, 3,  13.247,-13.430,  4.480
148789.83489, 3,  12.549,-12.152,  1.147
148789.85489, 3,  10.150,-11.151,  0.202
148789.87489, 3,   9.000,-10.569,  0.937
148789.89489, 3,   8.193,-10.523,  2.050
148789.91489, 3,   9.657,-11.537,  2.986
148789.93489, 3,  11.930,-11.924,  2.508
148789.95489, 3,  14.313,-12.677,  0.141
148789.97489, 3,  15.793,-13.906, -3.746
148789.99489, 3,  16.280,-15.095, -7.155
148790.01489, 3,  15.260,-17.428, -7.809
148790.03489, 3,  11.261,-19.451, -8.499
148790.05489, 3,   3.171,-19.451, -5.213
148790.07489, 3,  -3.225,-19.451, -4.305
148790.09489, 3,  -3.892,-17.106,  3.586
148790.11489, 3,  -1.538,-12.029,  9.293
148790.13489, 3,   0.154, -9.937, 11.731
148790.15489, 3,  -2.478, -8.118,  9.946
148790.17489, 3,  -5.115, -6.099,  8.371
148790.19489, 3,  -3.996, -4.832,  7.865
148790.21489, 3,  -0.441, -4.687,  7.170
148790.23489, 3,   2.057, -5.117,  5.790
148790.25489, 3,   3.962, -5.614,  4.643
148790.27489, 3,   4.505, -5.476,  3.880
148790.29489, 3,   4.217, -5.270,  2.612
148790.31489, 3,   4.321, -5.114,  1.375
148790.33489, 3,   5.437, -5.269,  1.086
148790.35489, 3,   7.544, -6.034,  2.110
148790.37489, 3,   9.005, -5.964,  2.893
148790.39489, 3,   7.715, -5.479,  1.943
148790.41489, 3,   6.644, -5.607,  0.232
148790.43489, 3,   7.071, -6.154, -0.238
148790.45489, 3,   9.045, -6.828,  0.993
148790.47489, 3,  10.900, -6.964,  2.529
148790.49489, 3,   9.522, -6.187,  2.177
148790.51489, 3,   8.218, -6.159,  0.018
148790.53489, 3,   7.706, -6.499, -0.742
148790.55489, 3,   7.733, -7.012,  0.008
148790.57489, 3,   8.801, -7.651,  1.609
148790.59489, 3,   9.926, -7.540,  2.813
148790.61489, 3,   9.309, -7.188,  1.631
148790.63489, 3,   8.584, -7.443, -0.559
148790.65489, 3,   8.231, -7.431, -0.871
148790.67489, 3,   7.857, -7.450, -0.175
148790.69489, 3,   7.386, -7.440,  0.479
148790.71489, 3,   6.954, -7.476,  0.795
148790.73489, 3,   6.638, -7.703,  1.149
148790.75489, 3,   6.284, -7.635,  1.336
148790.77489, 3,   6.049, -7.696,  1.121
148790.79489, 3,   5.963, -7.725,  1.004
148790.81489, 3,   5.945, -7.771,  1.214
148790.83489, 3,   6.020, -7.835,  1.611
148790.85489, 3,   6.109, -8.023,  1.781
148790.87489, 3,   5.915, -8.012,  1.630
148790.89489, 3,   5.747, -7.951,  1.436
148790.91489, 3,   5.647, -7.959,  1.348
148790.93489, 3,   5.624, -8.100,  1.586
148790.95489, 3,   5.611, -8.137,  1.997
148790.97489, 3,   5.581, -8.157,  2.143
148790.99489, 3,   5.423, -8.153,  2.019
148791.01489, 3,   5.316, -8.102,  1.883
148791.03489, 3,   5.078, -8.218,  1.834
148791.05489, 3,   5.069, -8.107,  2.071
148791.07489, 3,   5.070, -8.014,  1.955
148791.09489, 3,   5.053, -7.980,  1.830
148791.11489, 3,   5.106, -8.001,  1.768
148791.13489, 3,   5.069, -8.037,  1.720
148791.15489, 3,   5.068, -8.023,  1.744
148791.17489, 3,   5.085, -8.039,  1.894
148791.19489, 3,   5.042, -8.066,  2.013
148791.21489, 3,   5.056, -8.051,  2.169
148791.23489, 3,   5.150, -8.100,  2.292
148791.25489, 3,   5.174, -8.063,  2.107
148791.27489, 3,   5.238, -8.099,  1.803
148791.29489, 3,   5.283, -8.091,  1.689
148791.31489, 3,   5.310, -8.117,  1.657
148791.33489, 3,   5.262, -8.137,  1.743
148791.35489, 3,   5.188, -8.131,  1.971
148791.37489, 3,   5.106, -8.060,  2.104
148791.39489, 3,   5.044, -8.030,  2.108
148791.41489, 3,   5.000, -8.034,  1.975
148791.43489, 3,   5.021, -8.066,  1.924
148791.45489, 3,   4.965, -8.066,  1.816
148791.47489, 3,   4.924, -8.058,  1.734
148791.49489, 3,   4.941, -8.067,  1.876
148791.51489, 3,   5.024, -8.046,  2.063
148791.53489, 3,   5.052, -8.038,  2.134
148791.55489, 3,   5.155, -8.060,  2.086
148791.57489, 3,   5.365, -8.084,  2.102
148791.59489, 3,   5.924, -8.026,  2.274
148791.61489, 3,   6.297, -7.857,  2.347
148791.63489, 3,   6.223, -7.796,  2.006
148791.65489, 3,   6.333, -7.838,  1.865
148791.67489, 3,   7.094, -7.753,  2.219
148791.69489, 3,   8.025, -7.898,  2.417
148791.71489, 3,   9.810, -7.656,  3.175
148791.73489, 3,  10.791, -6.948,  3.653
148791.75489, 3,   8.087, -7.541,  1.378
148791.77489, 3,   3.799, -8.371,  2.233
148791.79489, 3,  -0.213, -8.910,  5.258
148791.81489, 3, -16.864, -8.662, -0.374
148791.83489, 3, -19.696,-12.487, -7.308
148791.85489, 3, -19.696,-17.761, -5.172
148791.87489, 3,  -5.778,-19.451, -0.155
148791.89489, 3,   3.637,-19.451,  8.881
148791.91489, 3,   7.506,-19.451, 12.080
148791.93489, 3,  11.908,-18.945,  4.652
148791.95489, 3,  12.737,-15.731, -3.855
148791.97489, 3,  13.490,-11.750, -3.478
148791.99489, 3,  11.733, -9.062,  1.118
148792.01489, 3,   9.738, -8.776,  1.411
148792.03489, 3,   8.314, -9.975,  0.676
148792.05489, 3,   5.529,-11.556,  1.696
148792.07489, 3,   2.239,-12.683,  1.736
148792.09489, 3,  -1.833,-13.433, -0.422
148792.11489, 3,  -1.593,-13.602,  0.392
148792.13489, 3,  -1.033,-13.659,  0.245
148792.15489, 3,   1.509,-13.684,  0.347
148792.17489, 3,   3.179,-13.090, -0.372
148792.19489, 3,   7.076,-12.817,  1.149
148792.21489, 3,  11.650,-12.121,  1.650
148792.23489, 3,  14.497,-13.286, -1.452
148792.25489, 3,  19.492,-14.315, -1.277
148792.27489, 3,  19.530,-19.038, -1.036
148792.29489, 3,  18.985,-19.451, -3.308
148792.31489, 3,   7.490,-19.451, -6.432
148792.33489, 3,  -6.392,-19.451, -8.258
148792.35489, 3,  -9.192,-19.451, -0.563
148792.37489, 3,  -4.361,-11.558,  9.234
148792.39489, 3,  -2.020, -7.779, 15.118
148792.41489, 3,  -3.677, -6.687, 13.547
148792.43489, 3,  -4.468, -6.004, 10.867
148792.45489, 3,  -3.557, -4.489,  9.246
148792.47489, 3,  -0.888, -3.783,  7.300
148792.49489, 3,   1.785, -4.060,  4.995
148792.51489, 3,   3.602, -4.201,  3.243
148792.53489, 3,   4.772, -4.273,  2.659
148792.55489, 3,   5.759, -3.967,  2.694
148792.57489, 3,   5.754, -3.466,  1.588
148792.59489, 3,   5.805, -3.356,  0.685
148792.61489, 3,   6.194, -3.560,  1.058
148792.63489, 3,   6.375, -3.999,  2.259
148792.65489, 3,   5.848, -4.297,  3.017
148792.67489, 3,   5.412, -4.818,  3.005
148792.69489, 3,   6.081, -5.914,  2.200
148792.71489, 3,   8.298, -6.921,  2.572
148792.73489, 3,   9.284, -7.466,  3.212
148792.75489, 3,  10.232, -7.862,  3.678
148792.77489, 3,   9.134, -7.439,  1.873
148792.79489, 3,   8.350, -7.284, -0.417
148792.81489, 3,   8.195, -7.722, -1.576
148792.83489, 3,   8.811, -8.403, -0.573
148792.85489, 3,  10.764, -8.820,  1.771
148792.87489, 3,  10.123, -7.508,  2.198
148792.89489, 3,   9.313, -7.567, -1.033
148792.91489, 3,   9.261, -7.732, -1.981
148792.93489, 3,   8.925, -8.041, -0.445
148792.95489, 3,   8.554, -8.418,  1.130
148792.97489, 3,   8.128, -8.386,  1.540
148792.99489, 3,   7.911, -8.105,  0.946
148793.01489, 3,   7.851, -7.975,  0.336
148793.03489, 3,   7.655, -7.865,  0.685
148793.05489, 3,   7.487, -8.303,  1.421
148793.07489, 3,   6.969, -8.355,  1.953
148793.09489, 3,   6.625, -8.323,  1.897
148793.11489, 3,   6.509, -8.179,  1.633
148793.13489, 3,   6.327, -7.932,  1.391
148793.15489, 3,   5.948, -7.771,  1.356
148793.17489, 3,   5.698, -7.662,  1.515
148793.19489, 3,   5.364, -7.777,  1.641
148793.21489, 3,   5.599, -7.862,  2.166
148793.23489, 3,   5.647, -7.596,  2.708
148793.25489, 3,   5.651, -7.451,  2.738
148793.27489, 3,   5.684, -7.534,  2.784
148793.29489, 3,   5.836, -8.068,  3.285
148793.31489, 3,   5.787, -8.189,  3.899
148793.33489, 3,   5.698, -7.947,  2.909
148793.35489, 3,   5.619, -7.587,  1.372
148793.37489, 3,   5.470, -7.398,  1.089
148793.39489, 3,   4.973, -7.517,  1.309
148793.41489, 3,   3.783, -7.803,  1.593
148793.43489, 3,   2.831, -7.868,  1.958
148793.45489, 3,   2.561, -7.987,  2.706
148793.47489, 3,   2.699, -8.423,  3.260
148793.49489, 3,   2.178, -8.871,  3.629
148793.51489, 3,   0.713, -9.056,  3.705
148793.53489, 3,  -2.046,-10.029,  1.623
148793.55489, 3,  -3.003,-11.550, -0.122
148793.57489, 3,  -2.075,-12.866,  0.219
148793.59489, 3,  -2.422,-14.829,  1.436
148793.61489, 3,  -3.496,-14.775,  3.324
148793.63489, 3,  -0.473,-15.146,  6.974
148793.65489, 3,   2.310,-13.920,  9.210
148793.67489, 3,   3.831,-12.816,  4.679
148793.69489, 3,   6.878,-12.068, -0.633
148793.71489, 3,   8.292,-10.120, -1.888
148793.73489, 3,   7.743, -8.862, -1.426
148793.75489, 3,   6.788, -8.219, -0.858
148793.77489, 3,   4.807, -8.984,  0.339
148793.79489, 3,   2.853,-10.253,  2.951
148793.81489, 3,   2.751,-11.638,  4.068
148793.83489, 3,   2.635,-12.939,  1.439
148793.85489, 3,   5.367,-14.109,  0.899
148793.87489, 3,   8.756,-14.939, -1.980
148793.89489, 3,  12.718,-13.949, -2.306
148793.91489, 3,  15.108,-17.284, -4.397
148793.93489, 3,  13.653,-19.451, -3.562
148793.95489, 3,  13.891,-19.451, -1.933
148793.97489, 3,   8.966,-19.451, -0.773
148793.99489, 3,   0.424,-19.451, -1.378
148794.01489, 3,  -4.938,-19.390, -2.503
148794.03489, 3,  -4.161,-13.321, -0.816
148794.05489, 3,  -2.438,-10.072,  4.597
148794.07489, 3,  -4.253, -7.233,  8.821
148794.09489, 3,  -4.492, -5.303, 10.510
148794.11489, 3,  -1.399, -4.999, 10.268
148794.13489, 3,   0.967, -4.736,  9.155
148794.15489, 3,   1.416, -4.900,  6.166
148794.17489, 3,   2.239, -5.368,  4.056
148794.19489, 3,   3.781, -5.867,  3.591
148794.21489, 3,   5.247, -6.204,  2.931
148794.23489, 3,   5.864, -6.301,  2.141
148794.25489, 3,   4.670, -5.897,  1.323
148794.27489, 3,   3.276, -5.838,  0.215
148794.29489, 3,   5.057, -6.630,  0.184
148794.31489, 3,   8.258, -7.670,  1.161
148794.33489, 3,   8.790, -7.540,  1.331
148794.35489, 3,   7.038, -6.931,  0.315
148794.37489, 3,   6.057, -7.521, -1.003
148794.39489, 3,   6.515, -8.382, -1.176
148794.41489, 3,   9.692, -9.299,  0.339
148794.43489, 3,  10.937, -7.936,  2.034
148794.45489, 3,   9.069, -7.443, -0.348
148794.47489, 3,   8.152, -7.763, -2.564
148794.49489, 3,   7.767, -7.950, -2.443
148794.51489, 3,   7.054, -8.088, -0.228
148794.53489, 3,   6.611, -8.252,  1.232
148794.55489, 3,   6.728, -8.583,  1.526
148794.57489, 3,   7.267, -8.780,  1.530
148794.59489, 3,   7.612, -8.720,  1.707
148794.61489, 3,   7.524, -8.500,  1.429
148794.63489, 3,   7.316, -8.573,  1.341
148794.65489, 3,   7.176, -8.489,  1.564
148794.67489, 3,   7.358, -8.600,  1.497
148794.69489, 3,   7.667, -8.242,  1.311
148794.71489, 3,   7.217, -8.213,  0.175
148794.73489, 3,   6.631, -8.332, -0.381
148794.75489, 3,   6.136, -8.320,  0.609
148794.77489, 3,   5.879, -8.336,  1.514
148794.79489, 3,   5.747, -8.723,  2.300
148794.81489, 3,   5.161, -8.613,  2.788
148794.83489, 3,   4.790, -8.592,  2.539
148794.85489, 3,   4.550, -8.483,  2.320
148794.87489, 3,   4.616, -8.498,  2.455
148794.89489, 3,   4.539, -8.341,  2.715
148794.91489, 3,   4.586, -8.124,  2.763
148794.93489, 3,   4.602, -8.038,  2.377
148794.95489, 3,   4.520, -8.054,  1.912
148794.97489, 3,   4.353, -7.951,  1.796
148794.99489, 3,   4.167, -7.874,  1.779
148795.01489, 3,   4.069, -7.864,  2.112
148795.03489, 3,   4.141, -8.021,  2.422
148795.05489, 3,   4.374, -8.024,  2.845
148795.07489, 3,   4.683, -8.076,  2.998
148795.09489, 3,   4.865, -8.073,  2.691
148795.11489, 3,   5.116, -8.016,  2.623
148795.13489, 3,   5.164, -7.909,  2.508
148795.15489, 3,   5.143, -7.895,  2.344
148795.17489, 3,   5.075, -7.910,  2.352
148795.19489, 3,   5.147, -7.877,  2.454
148795.21489, 3,   5.158, -7.862,  2.295
148795.23489, 3,   5.162, -7.791,  2.416
148795.25489, 3,   5.264, -7.845,  2.587
148795.27489, 3,   5.271, -7.699,  2.855
148795.29489, 3,   5.229, -7.751,  2.704
148795.31489, 3,   5.200, -7.798,  2.648
148795.33489, 3,   5.097, -7.793,  2.745
148795.35489, 3,   5.083, -7.787,  2.743
148795.37489, 3,   5.303, -7.690,  2.887
148795.39489, 3,   5.525, -7.774,  2.721
148795.41489, 3,   5.533, -7.743,  2.349
148795.43489, 3,   5.343, -7.736,  2.060
148795.45489, 3,   5.061, -7.739,  2.029
148795.47489, 3,   4.964, -7.816,  2.362
148795.49489, 3,   4.750, -7.990,  2.639
148795.51489, 3,   4.024, -8.132,  2.700
148795.53489, 3,   1.955, -8.682,  2.683
148795.55489, 3,  -2.553, -9.558,  1.314
148795.57489, 3,  -4.752, -9.904,  0.221
148795.59489, 3,  -4.472,-11.507,  0.418
148795.61489, 3,  -6.330,-13.322,  2.641
148795.63489, 3,  -3.734,-15.666,  1.478
148795.65489, 3,  -1.850,-17.215,  3.382
148795.67489, 3,  -3.709,-17.446, 13.018
148795.69489, 3,  -1.784,-16.020, 11.989
148795.71489, 3,   4.150,-15.588, -0.570
148795.73489, 3,   8.528,-12.009, -6.227
148795.75489, 3,  10.530, -9.426, -3.939
148795.77489, 3,  10.098, -7.192,  2.749
148795.79489, 3,   8.081, -7.800,  3.708
148795.81489, 3,   4.714, -9.265,  2.301
148795.83489, 3,   0.639,-10.587,  2.876
148795.85489, 3,  -1.996,-11.914,  3.707
148795.87489, 3,  -4.058,-12.633,  3.104
148795.89489, 3,  -3.833,-12.843,  2.812
148795.91489, 3,  -0.855,-12.494,  3.527
148795.93489, 3,   4.167,-12.116,  2.814
148795.95489, 3,   8.585,-11.923, -1.590
148795.97489, 3,  12.690,-11.810, -5.094
148795.99489, 3,  13.964,-12.955, -5.978
148796.01489, 3,  16.146,-17.289, -2.754
148796.03489, 3,  13.043,-19.451,  0.576
148796.05489, 3,   6.117,-19.451, -0.903
148796.07489, 3,  -0.718,-19.451, -1.923
148796.09489, 3,  -7.567,-19.451, -1.422
148796.11489, 3,  -5.284,-13.236,  3.797
148796.13489, 3,  -1.760, -7.500,  6.938
148796.15489, 3,   2.128, -6.359,  7.840
148796.17489, 3,   2.331, -6.598,  7.895
148796.19489, 3,   0.485, -6.034,  8.560
148796.21489, 3,   0.093, -5.018,  9.399
148796.23489, 3,   1.505, -4.660,  7.766
148796.25489, 3,   3.164, -5.141,  4.663
148796.27489, 3,   5.586, -5.630,  3.459
148796.29489, 3,   6.458, -5.361,  2.396
148796.31489, 3,   5.748, -4.878,  1.098
148796.33489, 3,   4.745, -4.788,  0.507
148796.35489, 3,   3.504, -4.877,  0.338
148796.37489, 3,   4.117, -5.691,  1.122
148796.39489, 3,   6.184, -6.832,  2.601
148796.41489, 3,   6.527, -7.100,  3.534
148796.43489, 3,   5.674, -7.440,  2.566
148796.45489, 3,   5.029, -8.298,  1.390
148796.47489, 3,   5.260, -9.310,  1.057
148796.49489, 3,   6.243,-10.303,  1.137
148796.51489, 3,   7.478,-10.623,  1.507
148796.53489, 3,   7.803,-10.528,  1.345
148796.55489, 3,   7.775, -9.911,  0.656
148796.57489, 3,   7.593,-10.002, -0.265
148796.59489, 3,   7.742, -9.773, -0.448
148796.61489, 3,   8.045, -9.427,  0.119
148796.63489, 3,   8.316, -9.007,  0.302
148796.65489, 3,   8.279, -8.667,  0.117
148796.67489, 3,   8.031, -8.702,  0.124
148796.69489, 3,   7.770, -8.885,  0.531
148796.71489, 3,   7.140, -8.783,  1.022
148796.73489, 3,   6.688, -8.800,  1.155
148796.75489, 3,   6.206, -8.957,  1.454
148796.77489, 3,   5.414, -9.144,  1.909
148796.79489, 3,   5.059, -9.154,  2.447
148796.81489, 3,   4.679, -9.135,  2.496
148796.83489, 3,   4.357, -9.174,  1.758
148796.85489, 3,   3.908, -8.953,  1.656
148796.87489, 3,   3.898, -8.844,  1.618
148796.89489, 3,   3.719, -8.712,  1.687
148796.91489, 3,   3.991, -8.678,  2.202
148796.93489, 3,   4.048, -8.521,  2.854
148796.95489, 3,   4.382, -8.471,  2.936
148796.97489, 3,   4.572, -8.481,  2.616
148796.99489, 3,   4.270, -8.554,  1.918
148797.01489, 3,   4.283, -8.497,  1.499
148797.03489, 3,   4.316, -8.440,  1.851
148797.05489, 3,   4.365, -8.328,  2.477
148797.07489, 3,   4.515, -8.358,  2.733
148797.09489, 3,   4.569, -8.386,  2.745
148797.11489, 3,   4.435, -8.387,  2.620
148797.13489, 3,   4.726, -8.216,  2.650
148797.15489, 3,   4.791, -8.027,  2.594
148797.17489, 3,   4.885, -7.935,  2.513
148797.19489, 3,   5.095, -7.823,  2.832
148797.21489, 3,   5.224, -7.948,  2.787
148797.23489, 3,   5.699, -7.958,  2.835
148797.25489, 3,   7.029, -7.983,  3.499
148797.27489, 3,   7.870, -7.573,  4.019
148797.29489, 3,   7.090, -7.237,  2.478
148797.31489, 3,   6.167, -7.514,  0.955
148797.33489, 3,   4.481, -7.828,  0.500
148797.35489, 3,   3.377, -7.264,  2.186
148797.37489, 3,   2.031, -7.587,  2.323
148797.39489, 3,  -1.138, -8.016,  1.406
148797.41489, 3,  -7.368, -7.702,  0.912
148797.43489, 3, -14.178, -9.557, -1.901
148797.45489, 3, -13.573,-16.294, -4.316
148797.47489, 3,  -7.795,-19.451, -2.376
148797.49489, 3,  -0.669,-19.451,  7.215
148797.51489, 3,   4.560,-19.451, 18.141
148797.53489, 3,   7.898,-19.451, 16.234
148797.55489, 3,  10.151,-17.933,  0.580
148797.57489, 3,  15.812,-12.587, -5.372
148797.59489, 3,  17.117, -7.262,  0.628
148797.61489, 3,  15.469, -5.683,  1.308
148797.63489, 3,  10.211, -7.474, -2.246
148797.65489, 3,   3.807,-10.385, -2.616
148797.67489, 3,  -1.601,-12.363,  1.002
148797.69489, 3,  -5.098,-13.305,  3.594
148797.71489, 3,  -4.976,-13.517,  3.825
148797.73489, 3,  -3.594,-13.611,  1.686
148797.75489, 3,   0.348,-12.674,  2.771
148797.77489, 3,   5.602,-12.396,  1.117
148797.79489, 3,  12.166,-10.422, -1.647
148797.81489, 3,  19.530, -8.850, -2.181
148797.83489, 3,  19.530,-16.932, -1.921
148797.85489, 3,  18.116,-19.451, -8.752
148797.87489, 3,  -2.799,-19.451, -8.453
148797.89489, 3, -14.162,-19.451, -5.592
148797.91489, 3, -10.724,-13.827,  2.645
148797.93489, 3,   0.266,-10.429, 10.713
148797.95489, 3,   3.279, -8.388, 14.248
148797.97489, 3,   1.753, -8.413, 10.096
148797.99489, 3,  -1.994, -6.687,  7.311
148798.01489, 3,  -1.164, -4.386,  8.409
148798.03489, 3,   2.779, -4.753,  7.725
148798.05489, 3,   6.407, -5.636,  5.312
148798.07489, 3,   7.937, -5.737,  2.666
148798.09489, 3,   6.634, -4.927, -0.368
148798.11489, 3,   6.269, -4.259, -2.733
148798.13489, 3,   6.656, -4.073, -3.087
148798.15489, 3,   8.204, -4.218, -0.961
148798.17489, 3,   8.391, -4.134,  0.835
148798.19489, 3,   6.904, -4.118,  1.035
148798.21489, 3,   5.030, -4.408,  0.504
148798.23489, 3,   3.713, -5.011,  0.922
148798.25489, 3,   2.555, -6.158,  1.944
148798.27489, 3,   2.290, -7.698,  3.241
148798.29489, 3,   2.989, -9.603,  4.122
148798.31489, 3,   4.153,-11.345,  4.121
148798.33489, 3,   5.357,-12.622,  3.420
148798.35489, 3,   6.358,-13.361,  2.542
148798.37489, 3,   6.597,-12.929,  1.713
148798.39489, 3,   7.226,-12.417,  0.670
148798.41489, 3,   7.739,-11.178, -0.547
148798.43489, 3,   8.155,-10.086, -1.422
148798.45489, 3,   8.749, -9.560, -1.833
148798.47489, 3,   8.902, -8.856, -1.485
148798.49489, 3,   7.956, -8.635, -1.205
148798.51489, 3,   7.351, -8.796, -0.221
148798.53489, 3,   6.821, -8.628,  1.258
148798.55489, 3,   6.372, -8.866,  2.646
148798.57489, 3,   5.652, -9.532,  2.426
148798.59489, 3,   4.904, -9.886,  2.870
148798.61489, 3,   4.196, -9.842,  3.340
148798.63489, 3,   3.830, -9.882,  3.318
148798.65489, 3,   3.411, -9.683,  3.161
148798.67489, 3,   3.238, -9.442,  3.026
148798.69489, 3,   3.088, -9.435,  2.516
148798.71489, 3,   2.755, -9.267,  1.974
148798.73489, 3,   2.738, -9.050,  1.651
148798.75489, 3,   2.786, -8.912,  1.514
148798.77489, 3,   2.928, -8.777,  1.717
148798.79489, 3,   3.211, -8.720,  2.110
148798.81489, 3,   3.356, -8.764,  2.082
148798.83489, 3,   3.340, -8.831,  1.997
148798.85489, 3,   3.384, -8.778,  2.165
148798.87489, 3,   3.587, -8.781,  2.320
148798.89489, 3,   3.802, -8.649,  2.296
148798.91489, 3,   3.861, -8.570,  2.270
148798.93489, 3,   3.736, -8.609,  2.004
148798.95489, 3,   3.385, -8.793,  2.019
148798.97489, 3,   3.214, -8.770,  2.367
148798.99489, 3,   3.301, -8.655,  2.553
148799.01489, 3,   3.446, -8.596,  2.787
148799.03489, 3,   3.578, -8.519,  2.581
148799.05489, 3,   3.734, -8.546,  2.302
148799.07489, 3,   3.670, -8.580,  2.204
148799.09489, 3,   3.967, -8.582,  2.388
148799.11489, 3,   4.632, -8.538,  2.871
148799.13489, 3,   5.352, -8.430,  3.213
148799.15489, 3,   6.390, -8.279,  3.540
148799.17489, 3,   6.728, -7.981,  3.504
148799.19489, 3,   6.589, -7.910,  2.358
148799.21489, 3,   6.196, -8.209,  1.943
148799.23489, 3,   5.796, -8.000,  2.221
148799.25489, 3,   5.635, -7.782,  2.267
148799.27489, 3,   3.461, -9.111,  1.025
148799.29489, 3,  -1.353,-10.272,  1.522
148799.31489, 3,  -9.837, -9.652,  2.825
148799.33489, 3, -19.696, -8.970,  0.191
148799.35489, 3, -16.952,-17.982, -2.217
148799.37489, 3,  -8.953,-19.451,  2.435
148799.39489, 3,  -3.596,-19.451,  6.293
148799.41489, 3,   2.332,-19.451,  9.270
148799.43489, 3,   8.979,-19.451,  6.769
148799.45489, 3,  13.707,-17.170, -1.525
148799.47489, 3,  17.885,-10.174, -4.496
148799.49489, 3,  18.794, -5.890,  0.536
148799.51489, 3,  14.640, -5.965,  2.726
148799.53489, 3,   8.522, -8.364,  1.315
148799.55489, 3,   1.137,-10.353,  1.199
148799.57489, 3,  -3.983,-11.701,  2.207
148799.59489, 3,  -8.350,-12.266,  1.499
148799.61489, 3,  -9.179,-12.133,  1.558
148799.63489, 3,  -7.983,-11.729,  1.143
148799.65489, 3,  -3.959,-11.268,  2.278
148799.67489, 3,   2.418,-10.401,  3.820
148799.69489, 3,   8.231, -9.912, -0.864
148799.71489, 3,  12.387, -9.190, -3.319
148799.73489, 3,  16.100,-10.030, -1.976
148799.75489, 3,  17.861,-15.689, -5.302
148799.77489, 3,  18.686,-19.451, -4.186
148799.79489, 3,  10.375,-19.451, -1.879
148799.81489, 3,   0.409,-19.451, -3.552
148799.83489, 3,  -7.405,-19.451, -3.259
148799.85489, 3,  -7.350,-14.808,  1.826
148799.87489, 3,  -1.822,-10.139,  6.820
148799.89489, 3,   0.294, -7.988,  9.425
148799.91489, 3,  -0.831, -6.617,  9.399
148799.93489, 3,  -1.533, -5.835,  8.814
148799.95489, 3,   1.220, -4.971,  7.547
148799.97489, 3,   4.784, -5.478,  5.506
148799.99489, 3,   7.715, -6.007,  3.704
148800.01489, 3,   7.293, -5.678,  1.811
148800.03489, 3,   5.595, -5.395,  0.106
148800.05489, 3,   4.847, -5.144, -0.840
148800.07489, 3,   6.409, -5.516, -0.668
148800.09489, 3,   8.347, -5.776,  0.515
148800.11489, 3,   8.594, -5.768,  1.312
148800.13489, 3,   6.665, -5.214,  0.764
148800.15489, 3,   4.524, -5.338,  0.102
148800.17489, 3,   3.569, -6.361,  0.191
148800.19489, 3,   3.556, -7.639,  1.342
148800.21489, 3,   4.150, -8.934,  2.733
148800.23489, 3,   4.844, -9.971,  3.488
148800.25489, 3,   5.475,-10.427,  3.650
148800.27489, 3,   6.042,-10.777,  3.345
148800.29489, 3,   6.478,-10.740,  2.573
148800.31489, 3,   6.628,-10.235,  1.511
148800.33489, 3,   6.902, -9.681,  0.510
148800.35489, 3,   6.964, -9.416, -0.730
148800.37489, 3,   7.166, -9.059, -1.268
148800.39489, 3,   7.203, -8.939, -0.878
148800.41489, 3,   7.042, -8.777,  0.205
148800.43489, 3,   6.814, -8.807,  1.125
148800.45489, 3,   6.439, -8.831,  1.689
148800.47489, 3,   6.148, -9.102,  2.155
148800.49489, 3,   5.486, -9.311,  2.392
148800.51489, 3,   4.881, -9.429,  2.378
148800.53489, 3,   4.494, -9.634,  2.159
148800.55489, 3,   4.072, -9.455,  2.101
148800.57489, 3,   3.684, -9.293,  1.824
148800.59489, 3,   3.632, -9.035,  1.771
148800.61489, 3,   2.986, -9.033,  1.082
148800.63489, 3,   3.047, -8.770,  1.485
148800.65489, 3,   2.826, -8.965,  1.647
148800.67489, 3,   2.755, -8.841,  2.330
148800.69489, 3,   2.796, -9.100,  2.768
148800.71489, 3,   2.741, -8.878,  2.706
148800.73489, 3,   2.936, -8.829,  2.730
148800.75489, 3,   2.938, -8.705,  2.507
148800.77489, 3,   3.138, -8.601,  2.386
148800.79489, 3,   3.141, -8.593,  2.256
148800.81489, 3,   3.320, -8.582,  2.367
148800.83489, 3,   3.552, -8.581,  2.504
148800.85489, 3,   3.692, -8.546,  2.178
148800.87489, 3,   3.625, -8.533,  2.059
148800.89489, 3,   3.633, -8.552,  2.475
148800.91489, 3,   3.590, -8.682,  2.889
148800.93489, 3,   4.149, -8.937,  3.208
148800.95489, 3,   6.327, -8.884,  4.513
148800.97489, 3,   6.522, -8.382,  4.275
148800.99489, 3,   6.689, -8.594,  2.102
148801.01489, 3,   8.624, -8.955,  2.806
148801.03489, 3,  10.965, -8.579,  4.322
148801.05489, 3,  12.117, -8.187,  2.999
148801.07489, 3,   9.917, -8.356, -1.707
148801.09489, 3,   5.305, -9.761, -3.014
148801.11489, 3,   1.935, -9.039,  0.769
148801.13489, 3,   4.677, -7.951,  4.710
148801.15489, 3,   7.620, -7.511,  5.804
148801.17489, 3,   5.242, -7.307,  3.072
148801.19489, 3,  -0.800, -7.293,  0.479
148801.21489, 3,  -4.697, -7.159,  2.493
148801.23489, 3,  -7.356, -6.587,  4.011
148801.25489, 3, -12.092, -8.279,  0.759
148801.27489, 3, -19.696,-13.277, -4.321
148801.29489, 3, -15.450,-19.451, -5.265
148801.31489, 3,  -2.422,-19.451,  1.348
148801.33489, 3,   6.488,-19.451,  9.857
148801.35489, 3,  11.215,-19.451, 15.834
148801.37489, 3,  12.154,-19.237,  5.220
148801.39489, 3,  15.084,-14.456, -6.718
148801.41489, 3,  17.930, -9.103,  3.753
148801.43489, 3,  14.448, -7.032,  6.433
148801.45489, 3,  11.347, -8.241, -2.166
148801.47489, 3,   5.520, -9.987, -4.954
148801.49489, 3,   1.070,-11.297, -0.498
148801.51489, 3,  -3.020,-12.120,  2.352
148801.53489, 3,  -4.612,-11.895,  0.943
148801.55489, 3,  -3.501,-12.056,  1.319
148801.57489, 3,  -1.686,-12.415,  2.124
148801.59489, 3,   2.153,-12.035,  2.623
148801.61489, 3,   5.005,-11.941, -0.807
148801.63489, 3,  13.595,-10.920,  2.568
148801.65489, 3,  19.530, -7.705,  1.140
148801.67489, 3,  19.530,-18.430, -3.436
148801.69489, 3,  17.711,-19.451, -9.703
148801.71489, 3,  -5.673,-19.451,-12.603
148801.73489, 3, -14.140,-19.451, -5.088
148801.75489, 3,  -6.518,-11.767,  4.341
148801.77489, 3,   2.565, -9.220, 10.328
148801.79489, 3,   0.736, -8.673,  9.373
148801.81489, 3,  -3.059, -7.941,  6.008
148801.83489, 3,  -4.783, -5.369,  7.439
148801.85489, 3,  -0.668, -4.054, 10.119
148801.87489, 3,   4.720, -4.820,  8.312
148801.89489, 3,   7.583, -5.758,  4.275
148801.91489, 3,   7.988, -5.757,  0.880
148801.93489, 3,   7.826, -4.850, -0.791
148801.95489, 3,   6.600, -4.130, -0.435
148801.97489, 3,   6.416, -4.304,  0.237
148801.99489, 3,   6.035, -4.408,  0.583
148802.01489, 3,   5.962, -4.984,  1.323
148802.03489, 3,   4.992, -5.466,  1.994
148802.05489, 3,   5.280, -6.551,  2.261
148802.07489, 3,   8.051, -7.867,  3.537
148802.09489, 3,   7.895, -7.315,  3.845
148802.11489, 3,   5.644, -7.306,  1.727
148802.13489, 3,   4.532, -7.891,  0.159
148802.15489, 3,   5.046, -9.265, -0.370
148802.17489, 3,   8.654,-10.717,  1.142
148802.19489, 3,  10.396, -9.176,  3.237
148802.21489, 3,   8.417, -7.818,  0.784
148802.23489, 3,   7.264, -8.200, -2.091
148802.25489, 3,   7.098, -8.455, -2.227
148802.27489, 3,   6.771, -8.636, -0.355
148802.29489, 3,   6.783, -8.716,  1.321
148802.31489, 3,   6.925, -8.879,  2.056
148802.33489, 3,   6.800, -8.740,  2.017
148802.35489, 3,   6.639, -8.825,  1.642
148802.37489, 3,   6.510, -8.570,  1.708
148802.39489, 3,   6.469, -8.574,  1.766
148802.41489, 3,   6.598, -8.598,  1.933
148802.43489, 3,   6.297, -8.634,  1.667
148802.45489, 3,   5.694, -8.698,  0.929
148802.47489, 3,   5.030, -8.805,  0.564
148802.49489, 3,   4.525, -8.720,  1.081
148802.51489, 3,   4.407, -8.711,  1.911
148802.53489, 3,   4.305, -8.660,  2.475
148802.55489, 3,   4.077, -8.805,  2.548
148802.57489, 3,   3.759, -8.942,  2.541
148802.59489, 3,   3.669, -8.848,  2.641
148802.61489, 3,   3.828, -8.716,  2.608
148802.63489, 3,   3.960, -8.631,  2.659
148802.65489, 3,   4.036, -8.576,  2.341
148802.67489, 3,   3.952, -8.430,  1.957
148802.69489, 3,   3.882, -8.503,  1.963
148802.71489, 3,   3.902, -8.406,  2.267
148802.73489, 3,   3.821, -8.384,  2.341
148802.75489, 3,   3.737, -8.389,  2.289
148802.77489, 3,   3.652, -8.403,  2.387
148802.79489, 3,   3.707, -8.541,  2.355
148802.81489, 3,   3.761, -8.531,  2.247
148802.83489, 3,   4.013, -8.520,  2.113
148802.85489, 3,   4.120, -8.482,  2.103
148802.87489, 3,   4.174, -8.520,  2.166
148802.89489, 3,   4.195, -8.530,  2.147
148802.91489, 3,   4.256, -8.483,  2.135
148802.93489, 3,   4.332, -8.458,  2.076
148802.95489, 3,   4.380, -8.449,  2.089
148802.97489, 3,   4.347, -8.425,  2.003
148802.99489, 3,   4.654, -8.598,  2.080
148803.01489, 3,   5.520, -8.436,  2.795
148803.03489, 3,   5.647, -8.265,  2.690
148803.05489, 3,   5.594, -8.368,  1.851
148803.07489, 3,   5.529, -8.299,  1.769
148803.09489, 3,   5.689, -8.323,  2.046
148803.11489, 3,   5.700, -8.185,  2.420
148803.13489, 3,   5.284, -8.091,  2.522
148803.15489, 3,   4.827, -8.082,  2.422
148803.17489, 3,   4.362, -8.030,  2.169
148803.19489, 3,   4.326, -8.001,  2.213
148803.21489, 3,   4.474, -7.838,  2.704
148803.23489, 3,   4.816, -7.646,  3.219
148803.25489, 3,   5.089, -7.673,  2.810
148803.27489, 3,   5.154, -7.659,  2.787
148803.29489, 3,   4.348, -7.722,  2.288
148803.31489, 3,   3.709, -7.985,  1.666
148803.33489, 3,   3.500, -7.669,  1.702
148803.35489, 3,   3.772, -7.546,  1.906
148803.37489, 3,   3.558, -7.445,  2.281
148803.39489, 3,   2.239, -8.182,  2.533
148803.41489, 3,  -4.781, -9.021,  1.632
148803.43489, 3, -16.401,-11.454, -4.769
148803.45489, 3, -19.696,-19.054, -9.589
148803.47489, 3, -11.590,-19.451,  0.381
148803.49489, 3,  -2.691,-19.451, 12.842
148803.51489, 3,   2.105,-19.451, 15.927
148803.53489, 3,   6.121,-19.451,  3.781
148803.55489, 3,  12.984,-17.837, -3.229
148803.57489, 3,  17.299,-10.605,  2.949
148803.59489, 3,  17.979, -5.962,  4.143
148803.61489, 3,  15.608, -6.430, -1.933
148803.63489, 3,   9.207, -8.653, -5.797
148803.65489, 3,   2.128,-10.537, -1.401
148803.67489, 3,  -2.298,-12.486,  1.296
148803.69489, 3,  -6.521,-13.691,  1.157
148803.71489, 3,  -6.360,-14.566,  0.302
148803.73489, 3,  -5.352,-14.112, -0.362
148803.75489, 3,  -0.482,-12.945,  1.450
148803.77489, 3,   5.957,-11.468,  0.392
148803.79489, 3,  12.534,-10.223, -2.229
148803.81489, 3,  18.320,-10.870, -1.818
148803.83489, 3,  19.530,-19.451, -1.567
148803.85489, 3,  14.872,-19.451, -3.271
148803.87489, 3,   2.000,-19.451, -4.653
148803.89489, 3,  -8.386,-19.451, -8.109
148803.91489, 3, -14.700,-15.422, -5.925
148803.93489, 3,  -4.431, -9.682,  3.004
148803.95489, 3,   3.218, -6.086, 12.854
148803.97489, 3,   3.551, -6.127, 13.690
148803.99489, 3,   0.095, -6.794,  7.676
148804.01489, 3,  -2.530, -5.601,  5.007
148804.03489, 3,  -0.655, -4.706,  5.378
148804.05489, 3,   2.624, -5.975,  5.005
148804.07489, 3,   5.079, -6.951,  4.485
148804.09489, 3,   5.292, -7.124,  2.689
148804.11489, 3,   5.416, -7.001,  1.069
148804.13489, 3,   5.292, -6.965,  0.409
148804.15489, 3,   5.031, -7.177,  0.473
148804.17489, 3,   5.605, -7.597,  0.920
148804.19489, 3,   7.755, -8.078,  1.940
148804.21489, 3,   8.022, -7.707,  2.085
148804.23489, 3,   7.041, -7.372,  0.849
148804.25489, 3,   6.196, -7.619,  0.256
148804.27489, 3,   5.970, -7.706,  0.662
148804.29489, 3,   6.114, -8.129,  1.484
148804.31489, 3,   6.145, -8.534,  2.150
148804.33489, 3,   6.348, -9.042,  2.425
148804.35489, 3,   6.166, -9.221,  1.878
148804.37489, 3,   6.257, -9.434,  1.380
148804.39489, 3,   6.394, -9.000,  1.365
148804.41489, 3,   6.817, -8.933,  1.584
148804.43489, 3,   7.351, -8.856,  1.546
148804.45489, 3,   7.354, -8.707,  0.916
148804.47489, 3,   6.980, -8.524, -0.090
148804.49489, 3,   6.700, -8.509, -0.646
148804.51489, 3,   5.984, -8.601, -0.478
148804.53489, 3,   5.418, -8.532,  0.725
148804.55489, 3,   4.918, -8.692,  1.608
148804.57489, 3,   4.490, -8.831,  2.241
148804.59489, 3,   4.501, -9.215,  2.738
148804.61489, 3,   3.884, -9.320,  2.853
148804.63489, 3,   3.618, -9.106,  2.516
148804.65489, 3,   3.436, -8.870,  2.191
148804.67489, 3,   3.425, -8.932,  2.287
148804.69489, 3,   3.681, -8.813,  2.598
148804.71489, 3,   3.725, -8.784,  2.374
148804.73489, 3,   3.678, -8.651,  1.834
148804.75489, 3,   3.801, -8.651,  1.579
148804.77489, 3,   3.785, -8.800,  1.679
148804.79489, 3,   3.745, -8.783,  2.064
148804.81489, 3,   3.761, -8.812,  2.289
148804.83489, 3,   3.780, -8.800,  2.402
148804.85489, 3,   3.767, -8.756,  2.520
148804.87489, 3,   3.822, -8.784,  2.417
148804.89489, 3,   3.874, -8.732,  2.147
148804.91489, 3,   4.036, -8.638,  1.980
148804.93489, 3,   4.007, -8.629,  1.793
148804.95489, 3,   4.034, -8.677,  2.037
148804.97489, 3,   3.912, -8.750,  2.313
148804.99489, 3,   3.777, -8.775,  2.493
148805.01489, 3,   3.594, -8.767,  2.563
148805.03489, 3,   3.559, -8.725,  2.603
148805.05489, 3,   3.609, -8.646,  2.486
148805.07489, 3,   3.749, -8.561,  2.298
148805.09489, 3,   3.889, -8.491,  2.219
148805.11489, 3,   4.058, -8.540,  2.345
148805.13489, 3,   4.161, -8.503,  2.268
148805.15489, 3,   4.354, -8.457,  2.280
148805.17489, 3,   4.228, -8.541,  2.366
148805.19489, 3,   4.406, -8.608,  2.365
148805.21489, 3,   4.551, -8.611,  2.627
148805.23489, 3,   4.809, -8.492,  2.932
148805.25489, 3,   4.970, -8.475,  2.596
148805.27489, 3,   5.145, -8.340,  2.164
148805.29489, 3,   5.063, -8.207,  1.765
148805.31489, 3,   5.459, -8.168,  1.739
148805.33489, 3,   6.299, -7.768,  2.747
148805.35489, 3,   7.755, -7.229,  3.157
148805.37489, 3,   8.744, -6.533,  2.460
148805.39489, 3,   6.733, -7.806, -0.715
148805.41489, 3,  -0.250,-10.416, -2.197
148805.43489, 3, -13.967,-10.943, -3.084
148805.45489, 3, -19.696,-10.191, -7.358
148805.47489, 3, -17.506,-19.451,  0.996
148805.49489, 3,  -6.563,-19.451, 13.559
148805.51489, 3,   0.123,-19.451, 12.415
148805.53489, 3,   3.262,-19.451,  6.911
148805.55489, 3,   8.191,-19.451, -1.280
148805.57489, 3,  11.455,-14.551, -7.602
148805.59489, 3,  11.031,-10.025, -1.540
148805.61489, 3,   8.032, -8.425,  4.556
148805.63489, 3,   5.917, -8.734,  2.499
148805.65489, 3,   4.381, -9.634,  1.439
148805.67489, 3,   2.214, -9.403,  2.730
148805.69489, 3,   1.108, -8.944,  2.734
148805.71489, 3,  -0.151, -9.379,  0.847
148805.73489, 3,  -2.093,-10.348, -0.298
148805.75489, 3,  -3.557,-10.915,  1.078
148805.77489, 3,  -3.792,-10.340,  2.813
148805.79489, 3,  -2.901,-10.351,  3.246
148805.81489, 3,  -2.382,-10.363,  2.083
148805.83489, 3,  -0.421,-10.450,  1.408
148805.85489, 3,   1.324,-10.720,  0.619
148805.87489, 3,   3.260,-10.788,  1.145
148805.89489, 3,   5.777,-11.137,  1.612
148805.91489, 3,   9.409,-11.826,  1.339
148805.93489, 3,  11.908,-12.947, -0.291
148805.95489, 3,  13.030,-13.995, -1.259
148805.97489, 3,  11.930,-16.608, -2.314
148805.99489, 3,  11.362,-19.451, -1.784
148806.01489, 3,   9.130,-19.451, -0.314
148806.03489, 3,   7.174,-19.451,  1.491
148806.05489, 3,   1.932,-19.176,  1.811
148806.07489, 3,  -2.989,-13.371,  0.224
148806.09489, 3,  -1.697, -8.948,  1.056
148806.11489, 3,  -1.019, -5.668,  4.071
148806.13489, 3,   0.183, -4.076,  5.429
148806.15489, 3,   0.874, -3.577,  5.330
148806.17489, 3,   0.964, -3.463,  4.362
148806.19489, 3,   2.553, -3.632,  3.814
148806.21489, 3,   4.785, -3.729,  3.504
148806.23489, 3,   5.145, -3.918,  2.431
148806.25489, 3,   4.360, -4.061,  1.246
148806.27489, 3,   5.802, -4.671,  1.072
148806.29489, 3,   6.834, -4.785,  0.981
148806.31489, 3,   5.983, -5.079,  0.682
148806.33489, 3,   4.514, -5.294,  0.540
148806.35489, 3,   4.990, -6.071,  1.066
148806.37489, 3,   7.052, -6.944,  1.949
148806.39489, 3,   8.882, -7.447,  2.908
148806.41489, 3,   7.818, -7.364,  2.777
148806.43489, 3,   6.424, -7.878,  2.229
148806.45489, 3,   5.854, -8.748,  1.670
148806.47489, 3,   6.394, -9.947,  1.083
148806.49489, 3,   7.594,-10.910,  1.365
148806.51489, 3,   7.992,-11.456,  1.470
148806.53489, 3,   7.955,-10.968,  1.319
148806.55489, 3,   8.351,-10.557,  0.933
148806.57489, 3,   8.625, -9.791,  0.500
148806.59489, 3,   8.856, -9.273, -0.225
148806.61489, 3,   8.656, -8.927, -1.002
148806.63489, 3,   7.928, -8.588, -1.729
148806.65489, 3,   7.429, -8.457, -1.303
148806.67489, 3,   6.971, -8.495, -0.291
148806.69489, 3,   6.561, -8.428,  0.886
148806.71489, 3,   6.005, -8.588,  1.657
148806.73489, 3,   4.954, -9.371,  2.160
148806.75489, 3,   3.812, -9.585,  2.794
148806.77489, 3,   2.769, -9.432,  2.203
148806.79489, 3,   2.182, -9.286,  1.347
148806.81489, 3,   1.899, -9.253,  1.584
148806.83489, 3,   1.910, -9.214,  2.362
148806.85489, 3,   2.397, -9.120,  3.005
148806.87489, 3,   2.819, -8.961,  3.084
148806.89489, 3,   3.044, -9.121,  2.253
148806.91489, 3,   3.014, -9.165,  1.387
148806.93489, 3,   2.989, -9.063,  0.988
148806.95489, 3,   3.327, -8.949,  1.456
148806.97489, 3,   3.691, -8.875,  2.127
148806.99489, 3,   3.883, -8.783,  2.470
148807.01489, 3,   3.619, -8.757,  2.028
148807.03489, 3,   2.969, -8.969,  1.526
148807.05489, 3,   2.734, -9.031,  1.883
148807.07489, 3,   2.735, -8.983,  2.291
148807.09489, 3,   3.081, -8.929,  2.574
148807.11489, 3,   3.414, -8.820,  2.519
148807.13489, 3,   3.488, -8.795,  1.993
148807.15489, 3,   3.435, -8.842,  1.491
148807.17489, 3,   3.152, -8.902,  1.600
148807.19489, 3,   3.251, -8.892,  2.205
148807.21489, 3,   3.433, -8.960,  2.296
148807.23489, 3,   3.594, -8.880,  2.219
148807.25489, 3,   3.836, -8.913,  2.080
148807.27489, 3,   3.654, -8.893,  1.788
148807.29489, 3,   3.603, -8.791,  2.031
148807.31489, 3,   3.385, -8.944,  2.062
148807.33489, 3,   3.262, -8.904,  2.167
148807.35489, 3,   3.317, -8.855,  2.139
148807.37489, 3,   3.449, -8.740,  2.003
148807.39489, 3,   3.461, -8.812,  1.863
148807.41489, 3,   3.485, -8.886,  1.740
148807.43489, 3,   3.358, -8.966,  1.909
148807.45489, 3,   3.345, -8.952,  2.332
148807.47489, 3,   3.345, -8.953,  2.411
148807.49489, 3,   3.296, -8.935,  2.169
148807.51489, 3,   3.375, -8.899,  2.087
148807.53489, 3,   3.391, -8.889,  2.008
148807.55489, 3,   3.367, -8.958,  1.736
148807.57489, 3,   3.293, -8.954,  1.808
148807.59489, 3,   3.235, -9.039,  1.990
148807.61489, 3,   3.085, -8.972,  2.133
148807.63489, 3,   3.349, -8.912,  2.304
148807.65489, 3,   3.572, -8.858,  2.041
148807.67489, 3,   3.673, -8.871,  1.751
148807.69489, 3,   3.635, -8.843,  1.739
148807.71489, 3,   3.517, -8.966,  1.814
148807.73489, 3,   3.355, -8.957,  2.031
148807.75489, 3,   3.502, -8.860,  2.274
148807.77489, 3,   3.561, -8.784,  2.153
148807.79489, 3,   3.572, -8.826,  1.854
148807.81489, 3,   3.489, -8.875,  1.754
148807.83489, 3,   3.406, -8.920,  1.957
148807.85489, 3,   3.449, -8.931,  2.247
148807.87489, 3,   3.517, -8.906,  2.393
148807.89489, 3,   3.954, -8.911,  2.343
148807.91489, 3,   6.069, -9.075,  3.451
148807.93489, 3,   8.897, -8.894,  5.528
148807.95489, 3,   9.504, -8.714,  5.240
148807.97489, 3,  11.472, -8.140,  2.661
148807.99489, 3,  13.630, -8.243,  0.297
148808.01489, 3,  12.222, -8.786, -2.119
148808.03489, 3,   8.015,-12.576, -3.955
148808.05489, 3,  -3.068,-14.987, -2.559
148808.07489, 3, -12.763,-11.237,  2.283
148808.09489, 3, -12.298, -6.427,  5.759
148808.11489, 3, -13.646, -6.375,  4.566
148808.13489, 3, -17.483,-12.761, -0.045
148808.15489, 3, -15.062,-19.451, -2.416
148808.17489, 3,  -4.505,-19.451, -4.170
148808.19489, 3,   1.817,-19.451,  4.785
148808.21489, 3,   8.200,-19.451, 15.824
148808.23489, 3,  10.272,-19.451, 11.648
148808.25489, 3,  12.094,-18.772, -8.731
148808.27489, 3,  17.001,-11.889, -7.703
148808.29489, 3,  17.215, -6.511,  3.257
148808.31489, 3,  14.078, -5.861,  2.176
148808.33489, 3,   9.024, -8.227, -3.692
148808.35489, 3,   2.719,-10.496, -2.882
148808.37489, 3,  -2.200,-12.313, -0.379
148808.39489, 3,  -5.781,-11.881,  1.855
148808.41489, 3,  -5.392,-11.796,  2.232
148808.43489, 3,  -0.596,-11.516,  2.730
148808.45489, 3,   5.824,-11.319,  1.657
148808.47489, 3,  10.645,-11.938, -5.053
148808.49489, 3,  17.800,-10.639, -5.540
148808.51489, 3,  19.530,-16.233, -3.954
148808.53489, 3,  19.530,-19.451, -5.819
148808.55489, 3,   2.007,-19.451, -6.127
148808.57489, 3, -15.082,-19.451, -6.919
148808.59489, 3, -15.943,-14.259, -0.135
148808.61489, 3,  -7.206, -8.360,  3.584
148808.63489, 3,  -4.646, -8.622,  4.943
148808.65489, 3,  -3.278, -7.660,  9.544
148808.67489, 3,  -0.536, -6.503, 11.381
148808.69489, 3,   2.709, -7.719,  7.168
148808.71489, 3,   5.079, -8.375,  2.443
148808.73489, 3,   9.540, -9.241, -0.085
148808.75489, 3,  10.785, -8.072, -0.197
148808.77489, 3,   8.293, -6.758, -0.966
148808.79489, 3,   5.909, -6.645, -1.414
148808.81489, 3,   5.173, -6.793, -1.647
148808.83489, 3,   8.036, -7.317, -0.258
148808.85489, 3,   9.473, -6.354,  1.883
148808.87489, 3,   7.749, -6.322,  0.670
148808.89489, 3,   6.683, -6.707, -0.366
148808.91489, 3,   6.354, -6.990,  0.229
148808.93489, 3,   6.729, -7.177,  1.217
148808.95489, 3,   7.451, -7.179,  2.080
148808.97489, 3,   6.673, -6.906,  1.924
148808.99489, 3,   6.236, -7.137,  1.237
148809.01489, 3,   6.015, -7.017,  1.234
148809.03489, 3,   6.263, -7.106,  1.430
148809.05489, 3,   7.069, -7.226,  1.690
148809.07489, 3,   7.380, -7.205,  1.422
148809.09489, 3,   7.165, -7.138,  0.495
148809.11489, 3,   6.850, -7.034,  0.358
148809.13489, 3,   7.090, -7.064,  0.555
148809.15489, 3,   7.150, -7.140,  0.822
148809.17489, 3,   6.860, -7.295,  1.090
148809.19489, 3,   6.408, -7.329,  0.890
148809.21489, 3,   6.452, -7.205,  0.700
148809.23489, 3,   6.583, -7.179,  0.831
148809.25489, 3,   6.642, -7.217,  1.323
148809.27489, 3,   6.648, -7.412,  1.640
148809.29489, 3,   6.122, -7.426,  1.529
148809.31489, 3,   5.711, -7.378,  1.326
148809.33489, 3,   5.959, -7.405,  1.403
148809.35489, 3,   6.451, -7.395,  1.391
148809.37489, 3,   6.205, -7.346,  1.141
148809.39489, 3,   5.806, -7.243,  0.866
148809.41489, 3,   5.867, -7.228,  0.935
148809.43489, 3,   5.943, -7.255,  1.224
148809.45489, 3,   6.015, -7.501,  1.373
148809.47489, 3,   5.814, -7.582,  1.787
148809.49489, 3,   5.499, -7.499,  2.148
148809.51489, 3,   5.073, -7.577,  1.769
148809.53489, 3,   5.007, -7.671,  1.661
148809.55489, 3,   4.983, -7.692,  1.895
148809.57489, 3,   5.244, -7.862,  2.168
148809.59489, 3,   5.540, -8.011,  2.584
148809.61489, 3,   5.920, -8.191,  2.824
148809.63489, 3,   6.152, -8.300,  2.798
148809.65489, 3,   6.209, -8.054,  2.632
148809.67489, 3,   6.263, -8.236,  2.172
148809.69489, 3,   5.953, -8.134,  1.465
148809.71489, 3,   5.676, -7.981,  0.827
148809.73489, 3,   5.409, -7.823,  0.596
148809.75489, 3,   5.195, -7.742,  0.618
148809.77489, 3,   5.040, -7.766,  0.933
148809.79489, 3,   4.777, -7.902,  1.536
148809.81489, 3,   4.587, -8.142,  2.154
148809.83489, 3,   4.514, -8.417,  2.667
148809.85489, 3,   4.655, -8.486,  3.010
148809.87489, 3,   4.899, -8.576,  2.951
148809.89489, 3,   5.046, -8.634,  2.642
148809.91489, 3,   5.015, -8.695,  2.284
148809.93489, 3,   4.991, -8.597,  1.977
148809.95489, 3,   5.012, -8.623,  1.578
148809.97489, 3,   4.881, -8.646,  1.385
148809.99489, 3,   4.823, -8.645,  0.972
148810.01489, 3,   4.509, -9.279, -2.007
148810.03489, 3,   3.202, -9.385, -3.504
148810.05489, 3,   2.671, -9.226, -2.479
148810.07489, 3,   3.484, -8.875, -0.553
148810.09489, 3,   3.592, -8.604,  1.160
148810.11489, 3,   4.501, -8.594,  2.228
148810.13489, 3,   6.290, -8.524,  3.579
148810.15489, 3,   7.465, -8.339,  3.910
148810.17489, 3,   7.614, -8.137,  3.236
148810.19489, 3,   6.819, -8.124,  2.125
148810.21489, 3,   5.988, -7.909,  1.794
148810.23489, 3,   5.618, -7.858,  1.871
148810.25489, 3,   5.845, -7.671,  2.227
148810.27489, 3,   5.659, -7.358,  2.433
148810.29489, 3,   5.188, -7.366,  2.004
148810.31489, 3,   5.111, -7.269,  1.842
148810.33489, 3,   5.257, -7.122,  2.106
148810.35489, 3,   5.409, -7.171,  2.305
148810.37489, 3,   5.433, -7.236,  2.501
148810.39489, 3,   5.450, -7.317,  2.663
148810.41489, 3,   5.810, -7.466,  2.643
148810.43489, 3,   6.696, -7.419,  2.566
148810.45489, 3,   5.918, -7.109,  1.566
148810.47489, 3,   5.458, -7.265,  0.439
148810.49489, 3,   6.406, -7.322,  0.988
148810.51489, 3,   8.686, -7.394,  2.538
148810.53489, 3,  10.143, -7.136,  2.568
148810.55489, 3,  10.619, -6.764,  1.475
148810.57489, 3,  10.628, -6.651, -0.014
148810.59489, 3,   9.702, -7.170, -0.770
148810.61489, 3,   9.430, -7.355,  1.719
148810.63489, 3,   8.500, -7.042,  2.786
148810.65489, 3,   5.849, -7.489,  1.722
148810.67489, 3,  -1.583, -7.745, -0.681
148810.69489, 3, -12.356, -6.843, -0.830
148810.71489, 3, -19.696, -7.352,  1.637
148810.73489, 3, -16.032,-14.651,  3.832
148810.75489, 3,  -4.411,-19.451,  4.812
148810.77489, 3,  -0.237,-19.451,  5.104
148810.79489, 3,   3.847,-19.451,  6.088
148810.81489, 3,  13.124,-19.451,  2.615
148810.83489, 3,  15.159,-19.451,  6.155
148810.85489, 3,  14.188,-11.171,  9.280
148810.87489, 3,  13.810, -9.441, -2.070
148810.89489, 3,  13.483, -8.051, -1.975
148810.91489, 3,   9.614, -7.659,  2.936
148810.93489, 3,   6.151, -8.722,  3.364
148810.95489, 3,   2.330, -9.667,  0.768
148810.97489, 3,  -1.171,-10.709, -0.302
148810.99489, 3,  -3.806,-11.597,  1.517
148811.01489, 3,  -5.192,-11.574,  2.830
148811.03489, 3,  -4.303,-11.061,  2.788
148811.05489, 3,  -3.295,-10.534,  1.503
148811.07489, 3,  -2.034,-10.052,  1.064
148811.09489, 3,  -0.217,-10.239,  1.135
148811.11489, 3,   2.069,-10.575,  0.924
148811.13489, 3,   4.480,-10.114,  0.330
148811.15489, 3,   7.200,-10.009, -2.474
148811.17489, 3,  12.586, -8.524, -1.680
148811.19489, 3,  15.187, -9.808, -4.137
148811.21489, 3,  17.115,-15.466, -5.783
148811.23489, 3,  15.693,-19.451, -4.235
148811.25489, 3,   7.410,-19.451, -2.422
148811.27489, 3,  -2.008,-19.451,  0.215
148811.29489, 3,  -7.413,-15.721,  0.162
148811.31489, 3,  -7.485, -9.036,  0.434
148811.33489, 3,  -4.174, -6.618,  1.776
148811.35489, 3,   0.633, -6.454,  3.047
148811.37489, 3,   3.326, -6.476,  4.457
148811.39489, 3,   4.444, -5.736,  5.955
148811.41489, 3,   5.540, -5.176,  5.268
148811.43489, 3,   5.966, -5.137,  2.331
148811.45489, 3,   6.764, -5.024,  0.502
148811.47489, 3,   7.700, -4.750, -0.401
148811.49489, 3,   8.374, -4.878, -1.572
148811.51489, 3,   8.686, -4.699, -1.762
148811.53489, 3,   8.081, -4.444, -0.615
148811.55489, 3,   7.930, -4.580,  0.181
148811.57489, 3,   8.304, -4.520,  0.046
148811.59489, 3,   8.727, -4.639, -0.575
148811.61489, 3,   8.559, -4.616, -0.160
148811.63489, 3,   8.012, -4.722,  0.486
148811.65489, 3,   7.769, -4.926,  0.860
148811.67489, 3,   8.095, -5.066,  1.001
148811.69489, 3,   8.711, -5.240,  0.847
148811.71489, 3,   9.114, -5.234,  0.552
148811.73489, 3,   8.433, -5.157,  0.452
148811.75489, 3,   7.656, -5.195,  0.523
148811.77489, 3,   7.499, -5.360,  0.920
148811.79489, 3,   7.017, -5.641,  1.544
148811.81489, 3,   7.509, -5.972,  1.769
148811.83489, 3,   7.878, -6.403,  1.478
148811.85489, 3,   7.509, -6.626,  1.375
148811.87489, 3,   6.836, -6.939,  0.905
148811.89489, 3,   6.150, -7.426,  0.186
148811.91489, 3,   6.028, -7.426, -0.621
148811.93489, 3,   6.236, -7.531, -0.803
148811.95489, 3,   6.297, -7.997, -0.307
148811.97489, 3,   6.313, -8.242,  0.573
148811.99489, 3,   6.756, -8.352,  1.181
148812.01489, 3,   6.853, -8.574,  1.030
148812.03489, 3,   6.188, -8.519,  0.167
148812.05489, 3,   5.888, -8.188, -0.336
148812.07489, 3,   5.896, -8.184, -0.931
148812.09489, 3,   5.912, -8.124, -0.060
148812.11489, 3,   6.055, -8.236,  1.016
148812.13489, 3,   5.898, -8.289,  1.440
148812.15489, 3,   5.719, -8.425,  1.232
148812.17489, 3,   5.414, -8.345,  0.829
148812.19489, 3,   5.245, -8.321,  0.646
148812.21489, 3,   5.233, -8.306,  0.817
148812.23489, 3,   5.288, -8.374,  1.110
148812.25489, 3,   5.171, -8.407,  1.318
148812.27489, 3,   4.887, -8.442,  1.410
148812.29489, 3,   4.656, -8.456,  1.465
148812.31489, 3,   4.725, -8.477,  1.623
148812.33489, 3,   4.730, -8.574,  1.758
148812.35489, 3,   4.887, -8.494,  1.977
148812.37489, 3,   4.790, -8.527,  1.575
148812.39489, 3,   4.635, -8.562,  0.910
148812.41489, 3,   4.721, -8.524,  1.059
148812.43489, 3,   4.734, -8.609,  1.247
148812.45489, 3,   4.705, -8.561,  1.444
148812.47489, 3,   4.750, -8.498,  1.677
148812.49489, 3,   4.562, -8.510,  1.655
148812.51489, 3,   4.342, -8.535,  1.590
148812.53489, 3,   4.119, -8.632,  1.749
148812.55489, 3,   3.973, -8.696,  1.880
148812.57489, 3,   3.954, -8.562,  1.907
148812.59489, 3,   4.135, -8.451,  1.968
148812.61489, 3,   4.048, -8.565,  1.779
148812.63489, 3,   4.098, -8.629,  1.770
148812.65489, 3,   3.975, -8.776,  1.761
148812.67489, 3,   4.186, -8.674,  1.906
148812.69489, 3,   4.424, -8.562,  2.011
148812.71489, 3,   4.565, -8.574,  1.745
148812.73489, 3,   4.509, -8.581,  1.795
148812.75489, 3,   4.438, -8.672,  1.847
148812.77489, 3,   4.403, -8.674,  1.985
148812.79489, 3,   4.451, -8.725,  2.030
148812.81489, 3,   4.186, -8.717,  1.810
148812.83489, 3,   3.966, -8.798,  1.762
148812.85489, 3,   3.831, -8.828,  1.742
148812.87489, 3,   3.910, -8.817,  1.787
148812.89489, 3,   4.102, -8.826,  1.812
148812.91489, 3,   4.201, -8.759,  1.653
148812.93489, 3,   4.181, -8.730,  1.603
148812.95489, 3,   4.199, -8.736,  1.626
148812.97489, 3,   4.286, -8.732,  1.534
148812.99489, 3,   4.146, -8.856,  1.314
148813.01489, 3,   4.056, -8.914,  1.257
148813.03489, 3,   4.030, -8.925,  0.996
148813.05489, 3,   3.821, -8.969,  0.874
148813.07489, 3,   3.792, -8.995,  1.194
148813.09489, 3,   3.756, -8.977,  1.660
148813.11489, 3,   3.969, -8.857,  2.013
148813.13489, 3,   3.909, -8.679,  1.706
148813.15489, 3,   3.942, -8.609,  1.292
148813.17489, 3,   4.017, -8.620,  0.978
148813.19489, 3,   4.131, -8.742,  0.800
148813.21489, 3,   4.098, -8.788,  0.749
148813.23489, 3,   4.122, -8.826,  0.830
148813.25489, 3,   4.093, -8.844,  1.069
148813.27489, 3,   4.073, -8.890,  1.263
148813.29489, 3,   3.950, -8.917,  1.356
148813.31489, 3,   4.032, -8.911,  1.247
148813.33489, 3,   4.208, -8.824,  1.141
148813.35489, 3,   4.446, -8.674,  1.205
148813.37489, 3,   4.641, -8.510,  1.181
148813.39489, 3,   4.422, -8.535,  0.843
148813.41489, 3,   4.090, -8.606,  0.633
148813.43489, 3,   3.887, -8.666,  0.781
148813.45489, 3,   3.950, -8.730,  1.122
148813.47489, 3,   4.417, -8.813,  1.676
148813.49489, 3,   5.318, -8.768,  2.186
148813.51489, 3,   6.486, -8.617,  2.542
148813.53489, 3,   7.241, -8.641,  2.534
148813.55489, 3,   9.228, -8.889,  3.145
148813.57489, 3,  12.216, -9.272,  4.554
148813.59489, 3,  14.061, -9.493,  6.262
148813.61489, 3,   7.892, -8.832,  0.846
148813.63489, 3,   2.726,-11.698, -6.765
148813.65489, 3,  -5.253,-13.611, -4.702
148813.67489, 3, -18.892, -9.485,  3.637
148813.69489, 3, -19.696, -7.864, 10.510
148813.71489, 3, -19.696,-19.451,  6.860
148813.73489, 3, -10.024,-19.451, -5.250
148813.75489, 3,   0.963,-19.451, -3.128
148813.77489, 3,   7.752,-19.451,  0.940
148813.79489, 3,  17.465,-19.451,  6.398
148813.81489, 3,  19.530,-15.905,  7.952
148813.83489, 3,  19.530, -9.278,  5.911
148813.85489, 3,  19.530, -6.711,  3.907
148813.87489, 3,  15.160, -7.866, -1.277
148813.89489, 3,   8.086, -9.749, -5.039
148813.91489, 3,   0.309,-12.239, -3.246
148813.93489, 3,  -5.505,-13.871, -0.074
148813.95489, 3,  -6.254,-13.341,  2.466
148813.97489, 3,  -4.034,-12.788,  1.083
148813.99489, 3,  -1.213,-12.486, -1.371
148814.01489, 3,   2.688,-11.518, -4.297
148814.03489, 3,   4.715,-11.153, -6.374
148814.05489, 3,   8.244,-10.499, -3.626
148814.07489, 3,  16.265,-10.350,  2.046
148814.09489, 3,  19.530,-13.232,  1.521
148814.11489, 3,  17.681,-19.451, -1.778
148814.13489, 3,   1.510,-19.451, -5.664
148814.15489, 3, -13.870,-19.451, -3.655
148814.17489, 3, -13.887,-10.526,  1.944
148814.19489, 3,  -4.735, -8.872,  2.640
148814.21489, 3,  -0.224, -9.295,  4.831
148814.23489, 3,  -0.383, -7.427,  8.429
148814.25489, 3,  -1.505, -6.247,  8.211
148814.27489, 3,   0.689, -5.908,  5.122
148814.29489, 3,   5.974, -6.460,  2.633
148814.31489, 3,  10.174, -6.454,  2.518
148814.33489, 3,   9.128, -5.612,  1.122
148814.35489, 3,   6.774, -5.348,  0.141
148814.37489, 3,   5.423, -5.212,  0.476
148814.39489, 3,   5.351, -5.558,  0.677
148814.41489, 3,   7.778, -6.186,  1.548
148814.43489, 3,   9.036, -6.268,  2.053
148814.45489, 3,   7.028, -6.161,  1.346
148814.47489, 3,   4.879, -6.102,  0.446
148814.49489, 3,   3.880, -6.505, -0.077
148814.51489, 3,   6.452, -7.548,  1.063
148814.53489, 3,   9.099, -7.722,  2.573
148814.55489, 3,   7.709, -7.194,  1.275
148814.57489, 3,   6.020, -7.206, -0.523
148814.59489, 3,   4.913, -7.543, -1.280
148814.61489, 3,   4.862, -8.286, -0.589
148814.63489, 3,   5.414, -9.008,  0.886
148814.65489, 3,   5.625, -9.411,  2.074
148814.67489, 3,   5.537, -9.600,  2.378
148814.69489, 3,   5.456, -9.847,  2.125
148814.71489, 3,   5.453, -9.578,  1.535
148814.73489, 3,   5.806, -9.312,  0.709
148814.75489, 3,   5.771, -8.962, -0.018
148814.77489, 3,   5.742, -8.764, -0.369
148814.79489, 3,   5.741, -8.757, -0.231
148814.81489, 3,   5.442, -8.629,  0.445
148814.83489, 3,   4.909, -8.982,  1.022
148814.85489, 3,   4.548, -9.186,  1.561
148814.87489, 3,   4.287, -9.148,  1.423
148814.89489, 3,   3.926, -9.149,  0.789
148814.91489, 3,   3.751, -9.169,  0.779
148814.93489, 3,   3.448, -9.229,  1.287
148814.95489, 3,   3.122, -9.291,  1.630
148814.97489, 3,   3.004, -9.238,  2.018
148814.99489, 3,   2.932, -9.246,  2.136
148815.01489, 3,   3.142, -9.254,  2.069
148815.03489, 3,   3.150, -9.210,  1.515
148815.05489, 3,   2.999, -9.165,  0.800
148815.07489, 3,   2.728, -9.254,  0.715
148815.09489, 3,   2.872, -9.244,  1.306
148815.11489, 3,   2.997, -9.191,  1.907
148815.13489, 3,   3.059, -9.186,  2.018
148815.15489, 3,   2.995, -9.080,  1.837
148815.17489, 3,   3.156, -9.010,  1.737
148815.19489, 3,   3.272, -9.025,  1.543
148815.21489, 3,   3.047, -9.029,  1.352
148815.23489, 3,   2.967, -9.049,  1.433
148815.25489, 3,   2.996, -8.965,  1.931
148815.27489, 3,   3.199, -8.986,  2.222
148815.29489, 3,   3.330, -8.898,  2.131
148815.31489, 3,   3.168, -9.006,  1.915
148815.33489, 3,   2.983, -9.078,  1.882
148815.35489, 3,   3.149, -9.106,  2.216
148815.37489, 3,   3.323, -8.973,  2.364
148815.39489, 3,   3.433, -8.983,  2.302
148815.41489, 3,   3.257, -8.975,  2.027
148815.43489, 3,   3.124, -8.995,  1.979
148815.45489, 3,   3.171, -8.981,  2.179
148815.47489, 3,   3.387, -8.967,  2.242
148815.49489, 3,   3.319, -8.947,  1.982
148815.51489, 3,   2.998, -9.063,  1.763
148815.53489, 3,   2.680, -9.179,  1.821
148815.55489, 3,   2.695, -9.191,  2.180
148815.57489, 3,   2.950, -9.050,  2.331
148815.59489, 3,   2.838, -9.129,  1.989
148815.61489, 3,   2.854, -9.106,  1.833
148815.63489, 3,   3.014, -9.094,  1.818
148815.65489, 3,   3.170, -9.114,  2.028
148815.67489, 3,   3.342, -9.159,  2.134
148815.69489, 3,   3.176, -9.335,  2.067
148815.71489, 3,   2.971, -9.475,  2.001
148815.73489, 3,   3.402, -9.474,  2.396
148815.75489, 3,   4.467, -9.230,  3.064
148815.77489, 3,   5.326, -9.096,  3.213
148815.79489, 3,   6.264, -8.889,  3.404
148815.81489, 3,   5.792, -8.559,  2.066
148815.83489, 3,   5.201, -8.607,  0.379
148815.85489, 3,   5.035, -8.894,  0.648
148815.87489, 3,   6.382, -8.907,  2.945
148815.89489, 3,   8.508, -8.647,  5.216
148815.91489, 3,   8.913, -8.045,  4.498
148815.93489, 3,   6.631, -8.380,  1.643
148815.95489, 3,   3.387, -8.507,  0.768
148815.97489, 3,   2.479, -8.186,  3.713
148815.99489, 3,   2.531, -7.513,  5.027
148816.01489, 3,   1.602, -7.684,  2.853
148816.03489, 3,  -1.530, -8.532,  2.120
148816.05489, 3,  -8.623, -7.938,  2.635
148816.07489, 3, -18.779, -9.698, -1.085
148816.09489, 3, -19.696,-17.003, -1.796
148816.11489, 3, -10.001,-19.451,  0.352
148816.13489, 3,  -2.279,-19.451,  3.617
148816.15489, 3,   6.222,-19.451, 11.315
148816.17489, 3,  13.468,-19.451, 13.258
148816.19489, 3,  17.053,-14.944, -1.303
148816.21489, 3,  19.385, -8.540, -1.340
148816.23489, 3,  16.253, -5.458,  6.191
148816.25489, 3,   9.605, -7.004,  1.826
148816.27489, 3,   3.751, -9.567, -3.162
148816.29489, 3,  -2.997,-11.305, -2.189
148816.31489, 3,  -6.426,-11.326,  1.114
148816.33489, 3,  -6.862,-10.289,  3.428
148816.35489, 3,  -2.243,-10.181,  3.158
148816.37489, 3,   4.790,-10.153,  1.380
148816.39489, 3,  12.854,-10.401, -1.878
148816.41489, 3,  15.445,-11.496, -9.481
148816.43489, 3,  17.439,-16.267,-10.799
148816.45489, 3,  16.801,-19.451, -9.978
148816.47489, 3,   9.691,-19.451, -8.334
148816.49489, 3,  -0.336,-19.451, -3.445
148816.51489, 3,  -9.872,-19.451,  4.891
148816.53489, 3, -10.029,-15.224,  7.879
148816.55489, 3,  -8.625, -8.534,  3.750
148816.57489, 3,  -8.952, -5.272,  2.405
148816.59489, 3,  -4.118, -4.767,  5.613
148816.61489, 3,   1.237, -5.656,  6.955
148816.63489, 3,   5.144, -7.235,  6.029
148816.65489, 3,   8.264, -8.037,  3.722
148816.67489, 3,   7.034, -7.098,  1.063
148816.69489, 3,   4.131, -6.333, -1.465
148816.71489, 3,   2.286, -6.731, -2.488
148816.73489, 3,   5.080, -8.841, -1.337
148816.75489, 3,  11.070,-10.247,  1.718
148816.77489, 3,  10.233, -7.946,  2.815
148816.79489, 3,   6.802, -7.271, -0.875
148816.81489, 3,   4.918, -7.306, -2.831
148816.83489, 3,   4.474, -7.896, -2.197
148816.85489, 3,   5.872, -8.987, -0.264
148816.87489, 3,   6.631, -8.843,  1.343
148816.89489, 3,   6.522, -8.572,  1.735
148816.91489, 3,   5.817, -8.306,  0.594
148816.93489, 3,   4.930, -8.608, -0.301
148816.95489, 3,   4.785, -8.638, -0.107
148816.97489, 3,   4.544, -9.051,  0.528
148816.99489, 3,   4.512, -9.387,  0.938
148817.01489, 3,   4.903, -9.426,  1.387
148817.03489, 3,   4.405, -9.601,  0.944
148817.05489, 3,   4.364, -9.402,  0.579
148817.07489, 3,   4.949, -9.144,  0.761
148817.09489, 3,   4.891, -9.169,  0.603
148817.11489, 3,   4.851, -9.038,  0.441
148817.13489, 3,   4.684, -8.971,  0.369
148817.15489, 3,   4.591, -8.979,  0.282
148817.17489, 3,   3.995, -9.111,  0.069
148817.19489, 3,   3.833, -9.057,  0.718
148817.21489, 3,   4.054, -9.118,  1.338
148817.23489, 3,   3.673, -9.129,  1.687
148817.25489, 3,   3.393, -9.105,  1.680
148817.27489, 3,   3.290, -9.303,  1.785
148817.29489, 3,   2.953, -9.318,  1.876
148817.31489, 3,   2.718, -9.323,  1.699
148817.33489, 3,   2.511, -9.353,  1.459
148817.35489, 3,   2.365, -9.320,  1.504
148817.37489, 3,   2.709, -9.328,  1.646
148817.39489, 3,   2.896, -9.342,  1.724
148817.41489, 3,   2.983, -9.335,  1.551
148817.43489, 3,   2.744, -9.380,  1.356
148817.45489, 3,   2.513, -9.339,  1.284
148817.47489, 3,   2.324, -9.438,  1.347
148817.49489, 3,   2.229, -9.351,  1.548
148817.51489, 3,   2.311, -9.260,  1.610
148817.53489, 3,   2.104, -9.312,  1.370
148817.55489, 3,   2.114, -9.339,  1.177
148817.57489, 3,   2.139, -9.272,  0.904
148817.59489, 3,   2.475, -9.181,  1.056
148817.61489, 3,   2.480, -9.356,  0.914
148817.63489, 3,   2.550, -9.473,  1.025
148817.65489, 3,   2.565, -9.618,  1.117
148817.67489, 3,   2.729, -9.525,  1.600
148817.69489, 3,   2.798, -9.437,  1.812
148817.71489, 3,   2.571, -9.364,  1.593
148817.73489, 3,   2.167, -9.379,  1.054
148817.75489, 3,   2.455, -9.237,  0.949
148817.77489, 3,   2.993, -9.127,  1.214
148817.79489, 3,   3.206, -9.133,  1.101
148817.81489, 3,   3.288, -9.134,  0.960
148817.83489, 3,   2.999, -9.340,  0.717
148817.85489, 3,   2.758, -9.424,  1.047
148817.87489, 3,   2.759, -9.314,  1.524
148817.89489, 3,   2.801, -9.339,  1.728
148817.91489, 3,   3.006, -9.281,  1.710
148817.93489, 3,   3.171, -9.194,  1.228
148817.95489, 3,   3.241, -9.082,  0.758
148817.97489, 3,   3.106, -9.086,  0.404
148817.99489, 3,   3.076, -9.106,  0.505
148818.01489, 3,   3.259, -9.196,  1.093
148818.03489, 3,   3.402, -9.196,  1.488
148818.05489, 3,   3.359, -9.219,  1.222
148818.07489, 3,   2.925, -9.290,  0.778
148818.09489, 3,   2.896, -9.286,  0.909
148818.11489, 3,   3.125, -9.199,  1.195
148818.13489, 3,   3.276, -9.165,  1.165
148818.15489, 3,   3.050, -9.157,  0.759
148818.17489, 3,   2.844, -9.217,  0.659
148818.19489, 3,   2.862, -9.241,  0.974
148818.21489, 3,   2.908, -9.167,  1.181
148818.23489, 3,   2.918, -9.224,  1.070
148818.25489, 3,   3.236, -9.276,  1.094
148818.27489, 3,   3.470, -9.186,  1.069
148818.29489, 3,   3.599, -9.132,  0.981
148818.31489, 3,   3.424, -9.106,  0.755
148818.33489, 3,   3.557, -9.246,  0.756
148818.35489, 3,   3.481, -9.124,  1.172
148818.37489, 3,   3.459, -9.095,  1.011
148818.39489, 3,   4.101, -9.189,  1.256
148818.41489, 3,   6.560, -9.528,  2.638
148818.43489, 3,   9.438, -8.872,  4.698
148818.45489, 3,  11.239, -8.826,  4.170
148818.47489, 3,  11.017, -9.613,  1.302
148818.49489, 3,   8.395,-10.382, -0.813
148818.51489, 3,   7.533,-11.437, -1.494
148818.53489, 3,   4.317,-11.154,  0.397
148818.55489, 3,  -1.371,-10.656,  1.643
148818.57489, 3,  -7.824,-10.551,  2.050
148818.59489, 3, -19.696, -7.855,  1.387
148818.61489, 3, -19.696, -8.626,  3.236
148818.63489, 3, -19.696,-19.451, -0.812
148818.65489, 3, -11.399,-19.451, -7.241
148818.67489, 3,   0.603,-19.451, -6.688
148818.69489, 3,  12.545,-19.451, 10.410
148818.71489, 3,  19.530,-19.451, 16.835
148818.73489, 3,  19.530,-13.746,-10.949
148818.75489, 3,  19.530, -7.107, -4.918
148818.77489, 3,  17.259, -4.792,  4.624
148818.79489, 3,   9.284, -8.024, -6.630
148818.81489, 3,  -1.250,-11.413, -6.851
148818.83489, 3,  -7.244,-12.384,  0.757
148818.85489, 3,  -6.726,-11.872,  2.408
148818.87489, 3,  -0.810,-10.750, -0.097
148818.89489, 3,   5.010, -9.922, -1.789
148818.91489, 3,   8.492,-10.114, -3.791
148818.93489, 3,  12.138,-10.726, -4.211
148818.95489, 3,  17.667,-13.946, -5.480
148818.97489, 3,  19.530,-19.451, -7.967
148818.99489, 3,  15.552,-19.451, -6.570
148819.01489, 3,  -5.019,-19.451,  0.476
148819.03489, 3, -12.540,-17.198, -2.690
148819.05489, 3,  -7.796,-10.767, -1.564
148819.07489, 3,  -6.325, -9.012,  0.407
148819.09489, 3,  -5.886, -6.769,  5.950
148819.11489, 3,  -2.611, -5.743,  8.358
148819.13489, 3,   1.799, -5.995,  5.310
148819.15489, 3,   6.197, -5.975,  3.468
148819.17489, 3,   8.991, -6.354,  2.900
148819.19489, 3,   9.591, -6.127,  1.973
148819.21489, 3,   7.963, -5.585,  0.468
148819.23489, 3,   7.224, -5.164, -0.916
148819.25489, 3,   8.738, -5.409, -1.378
148819.27489, 3,  11.970, -5.819,  0.233
148819.29489, 3,  11.369, -5.348,  1.306
148819.31489, 3,   8.401, -5.227,  0.396
148819.33489, 3,   6.688, -4.938,  0.788
148819.35489, 3,   7.955, -5.307,  2.504
148819.37489, 3,  11.304, -5.771,  4.800
148819.39489, 3,  11.772, -5.161,  4.862
148819.41489, 3,  10.433, -4.908,  2.468
148819.43489, 3,  10.511, -4.995,  2.465
148819.45489, 3,  11.572, -5.144,  4.652
148819.47489, 3,  12.512, -5.141,  7.157
148819.49489, 3,  11.815, -5.254,  5.729
148819.51489, 3,   9.564, -4.671,  6.793
148819.53489, 3,   8.568, -5.064,  5.328
148819.55489, 3,   7.615, -5.000,  4.628
148819.57489, 3,   6.154, -4.778,  8.323
148819.59489, 3,   6.435, -4.582, 10.178
148819.61489, 3,   7.017, -4.640,  9.186
148819.63489, 3,   6.867, -4.605,  6.562
148819.65489, 3,   5.246, -3.815,  6.236
148819.67489, 3,   4.580, -3.895,  7.597
148819.69489, 3,   6.551, -5.803,  8.694
148819.71489, 3,   5.031, -2.077,  8.274
148819.73489, 3,   4.077, -2.168,  4.947
148819.75489, 3,   0.581,  0.127,  0.922
148819.77489, 3,   0.389, -0.916,  2.566
148819.79489, 3,   1.090, -0.908,  2.125
148819.81489, 3,   2.642, -1.231,  3.812
148819.83489, 3,   4.049, -1.301,  6.921
148819.85489, 3,   2.845, -0.979,  7.436
148819.87489, 3,   1.942, -1.487, 11.606
148819.89489, 3,   2.734, -1.501, 10.501
148819.91489, 3,   1.089, -1.477,  9.990
148819.93489, 3,   0.818, -1.257,  6.853
148819.95489, 3,  -0.302, -0.677,  6.961
148819.97489, 3,   0.639, -0.666,  8.857
148819.99489, 3,   0.543, -0.484, 10.187
148820.01489, 3,  -0.129, -0.858, 10.002
148820.03489, 3,  -0.438, -0.754,  8.084
148820.05489, 3,  -1.033, -0.137,  8.096
148820.07489, 3,   1.371, -0.951, 10.294
148820.09489, 3,   0.473, -0.105, 11.211
148820.11489, 3,  -0.301, -0.515,  9.954
148820.13489, 3,  -0.617, -0.263,  9.649
148820.15489, 3,   0.101, -0.077,  9.624
148820.17489, 3,  -0.004,  0.357,  9.819
148820.19489, 3,   0.687,  0.299,  9.726
148820.21489, 3,  -0.262, -0.148, 10.543
148820.23489, 3,  -0.393,  0.257, 10.797
148820.25489, 3,   0.520,  0.318, 12.702
148820.27489, 3,   1.850,  0.817, 11.407
148820.29489, 3,   1.112,  1.958,  8.505
148820.31489, 3,   0.411,  2.563,  6.876
